ticker,company_name,sector,industry,current_revenue,revenue_millions,revenue_growth_rate,revenue_volatility,operating_cash_flow,revenue_quality_score,accounts_receivable,dso_days,market_cap_billions,growth_flag,quality_flag,dso_flag,volatility_flag,revenue_risk_score,risk_category,has_recent_filing,data_quality,extraction_date,market_cap,employees,previous_revenue,cik,latest_10k_date
NVDA,NVIDIA Corporation,Technology,Semiconductors,130497000000.0,130497.0,114.20340763599357,72.49318896379046,64089000000.0,0.4911147382698453,23065000000.0,64.51278573453796,4115.371393024,Very_High_Growth,Poor,Moderate_DSO,High_Volatility,8,High,True,Complete,2025-09-02,4115371393024,36000,60922000000.0,0001045810,2025-02-26
MSFT,Microsoft Corporation,Technology,Software - Infrastructure,281724000000.0,281724.0,14.93215623240672,14.179791416975993,136162000000.0,0.48331700529596344,69905000000.0,90.56851741420681,3733.681078272,Positive_Growth,Poor,High_DSO,Low_Volatility,4,Medium,True,Complete,2025-09-02,3733681078272,228000,245122000000.0,0000789019,2025-07-30
AAPL,Apple Inc.,Technology,Consumer Electronics,391035000000.0,391035.0,2.021994077514121,1.4553801853873363,118254000000.0,0.3024128274962599,33410000000.0,31.185571624023424,3392.66371584,Positive_Growth,Poor,Normal_DSO,Low_Volatility,2,Low,True,Complete,2025-09-02,3392663715840,150000,383285000000.0,0000320193,2024-11-01
GOOGL,Alphabet Inc.,Communication Services,Internet Content & Information,350018000000.0,350018.0,13.866243322901553,10.846107188983236,125299000000.0,0.3579787325223274,52340000000.0,54.580335868441054,2549.47622912,Positive_Growth,Poor,Normal_DSO,Low_Volatility,2,Low,True,Complete,2025-09-02,2549476229120,187103,307394000000.0,0001652044,2025-02-05
AMZN,"Amazon.com, Inc.",Consumer Cyclical,Internet Retail,637959000000.0,637959.0,10.990892246666146,10.770396557532951,115877000000.0,0.1816370644508503,55451000000.0,31.72557327351758,2402.268741632,Positive_Growth,Poor,Normal_DSO,Low_Volatility,3,Medium,True,Complete,2025-09-02,2402268741632,1546000,574785000000.0,0001018724,2025-02-07
META,"Meta Platforms, Inc.",Communication Services,Internet Content & Information,164501000000.0,164501.0,21.941112807816044,17.427908190656357,91328000000.0,0.5551820353675662,16994000000.0,37.70682245092735,1841.147150336,High_Growth,Fair,Normal_DSO,Moderate_Volatility,3,Medium,True,Complete,2025-09-02,1841147150336,75945,134902000000.0,0001326801,2025-01-30
AVGO,Broadcom Inc.,Technology,Semiconductors,51574000000.0,51574.0,43.98503587481504,24.72167186039482,19962000000.0,0.3870554930779075,4416000000.0,31.25295691627564,1393.387503616,High_Growth,Poor,Normal_DSO,Moderate_Volatility,5,Medium,True,Complete,2025-09-02,1393387503616,37000,35819000000.0,0001730168,2024-12-20
TSLA,"Tesla, Inc.",Consumer Cyclical,Auto Manufacturers,97690000000.0,97690.0,0.9475783534663594,9.911457126126223,14923000000.0,0.15275872658409254,4418000000.0,16.507011976660866,1058.527182848,Positive_Growth,Poor,Normal_DSO,Low_Volatility,3,Medium,True,Complete,2025-09-02,1058527182848,125665,96773000000.0,0001318605,2025-01-30
BRK-B,Berkshire Hathaway Inc.,Financial Services,Insurance - Diversified,424232000000.0,424232.0,-3.4381351900704926,31.25765371895618,30592000000.0,0.07211148616794584,43127000000.0,37.10553423598408,1078.278291456,Negative_Growth,Poor,Normal_DSO,High_Volatility,4,Medium,True,Complete,2025-09-02,1078278291456,392400,439337000000.0,0001067983,2025-02-24
JPM,JPMorgan Chase & Co.,Financial Services,Banks - Diversified,169439000000.0,169439.0,9.349346894522174,14.052313663971733,-42012000000.0,-0.24794763897331784,101223000000.0,218.05130459929532,820.676591616,Positive_Growth,Poor,High_DSO,Low_Volatility,6,High,True,Complete,2025-09-02,820676591616,317160,154952000000.0,0000019617,2025-02-14
WMT,Walmart Inc.,Consumer Defensive,Discount Stores,680985000000.0,680985.0,5.070009643201543,5.390679447542793,36443000000.0,0.053515128820752295,9975000000.0,5.346483402718122,778.049748992,Positive_Growth,Poor,Normal_DSO,Low_Volatility,3,Medium,True,Complete,2025-09-02,778049748992,2100000,648125000000.0,0000104169,2025-03-14
V,Visa Inc.,Financial Services,Credit Services,35926000000.0,35926.0,10.023581294214926,10.13820261261983,19950000000.0,0.555308133385292,2561000000.0,26.019178310972553,677.44628736,Positive_Growth,Fair,Normal_DSO,Low_Volatility,2,Low,True,Complete,2025-09-02,677446287360,0,32653000000.0,0001403161,2024-11-13
ORCL,Oracle Corporation,Technology,Software - Infrastructure,57399000000.0,57399.0,8.379751137629576,7.008778119295181,20821000000.0,0.3627415111761529,8558000000.0,54.420286067701525,628.110524416,Positive_Growth,Poor,Normal_DSO,Low_Volatility,2,Low,True,Complete,2025-09-02,628110524416,162000,52961000000.0,0001341439,2025-06-18
LLY,Eli Lilly and Company,Healthcare,Drug Manufacturers - General,45042700000.0,45042.7,31.996741305997812,23.377619153500994,8817900000.0,0.19576757165978062,11005700000.0,89.18383001019033,659.154468864,High_Growth,Poor,Moderate_DSO,Moderate_Volatility,7,High,True,Complete,2025-09-02,659154468864,47000,34124100000.0,0000059478,2025-02-19
MA,Mastercard Incorporated,Financial Services,Credit Services,28167000000.0,28167.0,12.228065981353096,11.783560381278209,14780000000.0,0.5247275180175383,3773000000.0,48.8921432882451,533.299298304,Positive_Growth,Fair,Normal_DSO,Low_Volatility,2,Low,True,Complete,2025-09-02,533299298304,35300,25098000000.0,0001141391,2025-02-12
NFLX,"Netflix, Inc.",Communication Services,Entertainment,39000966000.0,39000.966,15.649919994477408,10.938490041243929,7361364000.0,0.18874824792801287,1335304000.0,12.496766362146005,514.940207104,Positive_Growth,Poor,Normal_DSO,Low_Volatility,3,Medium,True,Complete,2025-09-02,514940207104,14000,33723297000.0,0001065280,2025-01-27
XOM,Exxon Mobil Corporation,Energy,Oil & Gas Integrated,339247000000.0,339247.0,1.3594385369453565,9.984014353933,55022000000.0,0.1621886118373928,35282000000.0,37.96033568461917,489.99661568,Positive_Growth,Poor,Normal_DSO,Low_Volatility,3,Medium,True,Complete,2025-09-02,489996615680,61000,334697000000.0,0000034088,2025-02-19
JNJ,Johnson & Johnson,Healthcare,Drug Manufacturers - General,88821000000.0,88821.0,4.300191406662831,5.241027163247631,24266000000.0,0.273201157383952,14842000000.0,60.99154479233515,429.527433216,Positive_Growth,Poor,Moderate_DSO,Low_Volatility,4,Medium,True,Complete,2025-09-02,429527433216,138100,85159000000.0,0000200406,2025-02-13
COST,Costco Wholesale Corporation,Consumer Defensive,Discount Stores,254453000000.0,254453.0,5.020017334599034,5.7123255490053735,11339000000.0,0.04456225707694545,2721000000.0,3.903137318090178,415.90603776,Positive_Growth,Poor,Normal_DSO,Low_Volatility,3,Medium,True,Complete,2025-09-02,415906037760,333000,242290000000.0,0000909832,2024-10-09
HD,"The Home Depot, Inc.",Consumer Cyclical,Home Improvement Retail,159514000000.0,159514.0,4.483555928184503,2.2393727966214296,19810000000.0,0.12418972629361687,4319000000.0,9.882737565354766,404.978204672,Positive_Growth,Poor,Normal_DSO,Low_Volatility,3,Medium,True,Complete,2025-09-02,404978204672,470000,152669000000.0,0000354950,2025-03-21
BAC,Bank of America Corporation,Financial Services,Banks - Diversified,101887000000.0,101887.0,3.353587405280937,3.5235855244568555,-8805000000.0,-0.08641926840519398,82247000000.0,294.6416618410592,371.088162816,Positive_Growth,Poor,High_DSO,Low_Volatility,6,High,True,Complete,2025-09-02,371088162816,213000,98581000000.0,0000070858,2025-02-25
PLTR,Palantir Technologies Inc.,Technology,Software - Infrastructure,2865507000.0,2865.507,28.78613688375613,20.95523831782385,1153865000.0,0.4026739421680003,575048000.0,73.24795228209179,372.710998016,High_Growth,Poor,Moderate_DSO,Moderate_Volatility,5,Medium,True,Complete,2025-09-02,372710998016,4164,2225012000.0,0001321655,2025-02-18
ABBV,AbbVie Inc.,Healthcare,Drug Manufacturers - General,56334000000.0,56334.0,3.711476858499945,3.325228439592269,18806000000.0,0.3338303688713743,10919000000.0,70.74652962686831,374.73665024,Positive_Growth,Poor,Moderate_DSO,Low_Volatility,3,Medium,True,Complete,2025-09-02,374736650240,55000,54318000000.0,0001551152,2025-02-14
PG,The Procter & Gamble Company,Consumer Defensive,Household & Personal Products,84284000000.0,84284.0,0.2915313128428468,1.4986195399732454,17817000000.0,0.21139243510037492,6185000000.0,26.784739689620807,370.375524352,Positive_Growth,Poor,Normal_DSO,Low_Volatility,3,Medium,True,Complete,2025-09-02,370375524352,109000,84039000000.0,0000080424,2025-08-04
SAP,SAP SE,Technology,Software - Application,34176000000.0,34176.0,9.513891114173102,7.452996307845576,5220000000.0,0.15273876404494383,6231000000.0,66.54713834269663,308.807565312,Positive_Growth,Poor,Moderate_DSO,Low_Volatility,4,Medium,False,Complete,2025-09-02,308807565312,108929,31207000000.0,0001000184,
CVX,Chevron Corporation,Energy,Oil & Gas Integrated,193414000000.0,193414.0,-1.7769268661794804,11.251052269560107,31492000000.0,0.1628217192137074,20684000000.0,39.03367905115452,325.877006336,Negative_Growth,Poor,Normal_DSO,Low_Volatility,3,Medium,True,Complete,2025-09-02,325877006336,45298,196913000000.0,0000093410,2025-02-21
ASML,ASML Holding N.V.,Technology,Semiconductor Equipment & Materials,28262900000.0,28262.9,2.556017199775024,15.218018807938607,11166200000.0,0.395083307091629,4477500000.0,57.824480148887766,284.521562112,Positive_Growth,Poor,Normal_DSO,Moderate_Volatility,2,Low,False,Complete,2025-09-02,284521562112,43193,27558500000.0,0000937966,
KO,The Coca-Cola Company,Consumer Defensive,Beverages - Non-Alcoholic,47061000000.0,47061.0,2.856580845390567,4.574092861150038,6805000000.0,0.144599562270245,3569000000.0,27.680776014109348,296.865824768,Positive_Growth,Poor,Normal_DSO,Low_Volatility,3,Medium,True,Complete,2025-09-02,296865824768,69700,45754000000.0,0000021344,2025-02-20
BABA,Alibaba Group Holding Limited,Consumer Cyclical,Internet Retail,996347000000.0,996347.0,5.862821515393639,6.844672924621046,163509000000.0,0.16410848830778835,31172000000.0,11.419495416757414,341.457338368,Positive_Growth,Poor,Normal_DSO,Low_Volatility,3,Medium,False,Complete,2025-09-02,341457338368,123711,941168000000.0,0001577552,
GE,GE Aerospace,Industrials,Aerospace & Defense,38702000000.0,38702.0,9.488514201652144,14.106181789339372,4710000000.0,0.12169913699550411,7385000000.0,69.64820939486331,290.602975232,Positive_Growth,Poor,Moderate_DSO,Low_Volatility,4,Medium,True,Complete,2025-09-02,290602975232,53000,35348000000.0,0000040545,2025-02-03
TMUS,"T-Mobile US, Inc.",Communication Services,Telecom Services,81400000000.0,81400.0,3.617709208482904,1.8040303602621064,22293000000.0,0.27386977886977887,4276000000.0,19.173710073710073,289.064157184,Positive_Growth,Poor,Normal_DSO,Low_Volatility,3,Medium,True,Complete,2025-09-02,289064157184,70000,78558000000.0,0001283699,2025-01-31
UNH,UnitedHealth Group Incorporated,Healthcare,Healthcare Plans,400278000000.0,400278.0,7.711061239646738,10.522169966667903,24204000000.0,0.06046797475754351,22365000000.0,20.39388874732061,280.949129216,Positive_Growth,Poor,Normal_DSO,Low_Volatility,3,Medium,True,Complete,2025-09-02,280949129216,400000,371622000000.0,0000731766,2025-02-27
CSCO,"Cisco Systems, Inc.",Technology,Communication Equipment,53803000000.0,53803.0,-5.605459840696165,5.052277025199294,10880000000.0,0.20221920710741037,6685000000.0,45.35109566381057,269.458194432,Negative_Growth,Poor,Normal_DSO,Low_Volatility,3,Medium,True,Complete,2025-09-02,269458194432,0,56998000000.0,0000858877,2024-09-05
AMD,"Advanced Micro Devices, Inc.",Technology,Semiconductors,25785000000.0,25785.0,13.690476190476192,6.638653244686993,3041000000.0,0.11793678495249175,6192000000.0,87.65095986038394,259.8653952,Positive_Growth,Poor,Moderate_DSO,Low_Volatility,4,Medium,True,Complete,2025-09-02,259865395200,28000,22680000000.0,0000002488,2025-02-05
WFC,Wells Fargo & Company,Financial Services,Banks - Diversified,82296000000.0,82296.0,-0.36442001525479134,5.851206406407161,3035000000.0,0.03687907067172159,23028000000.0,102.13400408282298,261.144428544,Negative_Growth,Poor,High_DSO,Low_Volatility,5,Medium,True,Complete,2025-09-02,261144428544,212804,82597000000.0,0000072971,2025-02-25
NVO,Novo Nordisk A/S,Healthcare,Drug Manufacturers - General,290403000000.0,290403.0,25.033044721240326,24.32630523735759,120968000000.0,0.41655217060429817,71949000000.0,90.43083232611234,252.469182464,High_Growth,Poor,High_DSO,Moderate_Volatility,6,High,False,Complete,2025-09-02,252469182464,78387,232261000000.0,0000353278,
TM,Toyota Motor Corporation,Consumer Cyclical,Auto Manufacturers,48036704000000.0,48036704.0,6.522580777497446,12.962288526249537,3696934000000.0,0.07696060912089223,13933619000000.0,105.87260389472183,251.85091584,Positive_Growth,Poor,High_DSO,Low_Volatility,5,Medium,False,Complete,2025-09-02,251850915840,389144,45095325000000.0,0001094517,
PM,Philip Morris International Inc.,Consumer Defensive,Tobacco,37878000000.0,37878.0,7.6874964462387,8.772174549069925,12217000000.0,0.3225355087385818,3789000000.0,36.511563440519566,261.164662784,Positive_Growth,Poor,Normal_DSO,Low_Volatility,2,Low,True,Complete,2025-09-02,261164662784,83100,35174000000.0,0001413329,2025-02-06
AZN,AstraZeneca PLC,Healthcare,Drug Manufacturers - General,54073000000.0,54073.0,18.03496976708651,10.904301346960985,11861000000.0,0.21935161725815103,8302000000.0,56.03961311560298,248.06940672,Positive_Growth,Poor,Normal_DSO,Low_Volatility,3,Medium,False,Complete,2025-09-02,248069406720,94300,45811000000.0,0000901832,
NVS,Novartis AG,Healthcare,Drug Manufacturers - General,51722000000.0,51722.0,10.848692670381483,8.8098061585861,17619000000.0,0.340648080120645,7423000000.0,52.383801863810376,244.245004288,Positive_Growth,Poor,Normal_DSO,Low_Volatility,2,Low,False,Complete,2025-09-02,244245004288,75883,46660000000.0,0001114448,
MS,Morgan Stanley,Financial Services,Capital Markets,57621000000.0,57621.0,13.72490970454142,7.860873315905936,1362000000.0,0.02363721559847972,86158000000.0,545.7675153155968,236.785106944,Positive_Growth,Poor,High_DSO,Low_Volatility,6,High,True,Complete,2025-09-02,236785106944,80000,50667000000.0,0000895421,2025-02-21
CRM,"Salesforce, Inc.",Technology,Software - Application,37895000000.0,37895.0,8.715609490202828,9.435592655944685,13092000000.0,0.34548093416017944,11945000000.0,115.05277741126798,240.668213248,Positive_Growth,Poor,High_DSO,Low_Volatility,4,Medium,True,Complete,2025-09-02,240668213248,76453,34857000000.0,0001108524,2025-03-05
ABT,Abbott Laboratories,Healthcare,Medical Devices,41950000000.0,41950.0,4.589992271061358,4.229781745251256,8558000000.0,0.2040047675804529,6925000000.0,60.25327771156139,228.452777984,Positive_Growth,Poor,Moderate_DSO,Low_Volatility,4,Medium,True,Complete,2025-09-02,228452777984,114000,40109000000.0,0000001800,2025-02-21
IBM,International Business Machines Corporation,Technology,Information Technology Services,62753000000.0,62753.0,1.4435822825735531,1.8126031099466016,13445000000.0,0.21425270504995778,6804000000.0,39.575159753318566,223.753191424,Positive_Growth,Poor,Normal_DSO,Low_Volatility,3,Medium,True,Complete,2025-09-02,223753191424,270300,61860000000.0,0000051143,2025-02-25
GS,"The Goldman Sachs Group, Inc.",Financial Services,Capital Markets,53512000000.0,53512.0,15.691615860249925,7.971178681561436,-13212000000.0,-0.24689789206159365,133717000000.0,912.0702833009418,220.10691584,Positive_Growth,Poor,High_DSO,Low_Volatility,6,High,True,Complete,2025-09-02,220106915840,45900,46254000000.0,0000886982,2025-02-27
LIN,Linde plc,Basic Materials,Specialty Chemicals,33005000000.0,33005.0,0.4596091800085226,0.7920761837782521,9423000000.0,0.2855021966368732,4622000000.0,51.114376609604605,222.69943808,Positive_Growth,Poor,Normal_DSO,Low_Volatility,3,Medium,True,Complete,2025-09-02,222699438080,64842,32854000000.0,0001707925,2025-02-26
AXP,American Express Company,Financial Services,Credit Services,65949000000.0,65949.0,8.979591836734693,10.999151145712666,14050000000.0,0.21304341233377308,,,228.896456704,Positive_Growth,Poor,Normal_DSO,Low_Volatility,3,Medium,True,Complete,2025-09-02,228896456704,75100,60515000000.0,0000004962,2025-02-07
HSBC,HSBC Holdings plc,Financial Services,Banks - Diversified,67396000000.0,67396.0,4.587212911235258,11.635102812998593,65305000000.0,0.9689744198468752,,,220.992700416,Positive_Growth,Excellent,Normal_DSO,Low_Volatility,0,Low,False,Complete,2025-09-02,220992700416,211130,64440000000.0,0001089113,
MCD,McDonald's Corporation,Consumer Cyclical,Restaurants,25920000000.0,25920.0,1.6669935281427732,5.9258470940756895,9447000000.0,0.3644675925925926,2383000000.0,33.55690586419753,225.0207232,Positive_Growth,Poor,Normal_DSO,Low_Volatility,2,Low,True,Complete,2025-09-02,225020723200,150000,25495000000.0,0000063908,2025-02-25
SHEL,Shell plc,Energy,Oil & Gas Integrated,284312000000.0,284312.0,-10.204030067588908,15.085988603362974,54687000000.0,0.19234854666704185,31041000000.0,39.85046357522722,214.182428672,Negative_Growth,Poor,Normal_DSO,Moderate_Volatility,3,Medium,False,Complete,2025-09-02,214182428672,96000,316620000000.0,0001306965,
RTX,RTX Corporation,Industrials,Aerospace & Defense,80738000000.0,80738.0,17.147417295414975,10.262029456354684,7159000000.0,0.08866952364438059,10976000000.0,49.620253164556964,211.581157376,Positive_Growth,Poor,Normal_DSO,Low_Volatility,3,Medium,True,Complete,2025-09-02,211581157376,186000,68920000000.0,0000101829,2025-02-03
DIS,The Walt Disney Company,Communication Services,Entertainment,91361000000.0,91361.0,2.7705910144210217,5.0769819895132695,13971000000.0,0.15292083055132935,10341000000.0,41.31374437670341,211.80514304,Positive_Growth,Poor,Normal_DSO,Low_Volatility,3,Medium,True,Complete,2025-09-02,211805143040,177080,88898000000.0,0001744489,2024-11-14
BX,Blackstone Inc.,Financial Services,Asset Management,10930540000.0,10930.54,56.002391442756725,26.685247025154794,3481662000.0,0.31852607464955984,5647245000.0,188.5766325359955,207.746629632,Very_High_Growth,Poor,High_DSO,Moderate_Volatility,9,Very High,True,Complete,2025-09-02,207746629632,4895,7006649000.0,0001393818,2025-02-28
MRK,"Merck & Co., Inc.",Healthcare,Drug Manufacturers - General,64168000000.0,64168.0,6.7420776844381605,4.2712139525674235,21468000000.0,0.33455928188505174,10278000000.0,58.46325271163197,212.4611584,Positive_Growth,Poor,Normal_DSO,Low_Volatility,2,Low,True,Complete,2025-09-02,212461158400,73000,60115000000.0,0000310158,2025-02-25
T,AT&T Inc.,Communication Services,Telecom Services,122336000000.0,122336.0,-0.07514620838370308,0.7785511860190697,38771000000.0,0.3169222469264975,9638000000.0,28.755803688202985,207.504310272,Negative_Growth,Poor,Normal_DSO,Low_Volatility,2,Low,True,Complete,2025-09-02,207504310272,137550,122428000000.0,0000732717,2025-02-12
RY,Royal Bank of Canada,Financial Services,Banks - Diversified,57491000000.0,57491.0,11.436103196293928,8.453230573899505,23139000000.0,0.4024803882346802,12293000000.0,78.04604198918092,203.564138496,Positive_Growth,Poor,Moderate_DSO,Low_Volatility,3,Medium,False,Complete,2025-09-02,203564138496,97116,51591000000.0,0001000275,
CAT,Caterpillar Inc.,Industrials,Farm & Heavy Construction Machinery,64809000000.0,64809.0,-3.3566954965702354,6.150781113574519,12035000000.0,0.18569951704238608,18847000000.0,106.14505701368637,193.870659584,Negative_Growth,Poor,High_DSO,Low_Volatility,5,Medium,True,Complete,2025-09-02,193870659584,112900,67060000000.0,0000018230,2025-02-14
PEP,"PepsiCo, Inc.",Consumer Defensive,Beverages - Non-Alcoholic,91854000000.0,91854.0,0.41871194148965246,3.3912706230896164,12507000000.0,0.13616173492716702,8487000000.0,33.72476974328826,207.07336192,Positive_Growth,Poor,Normal_DSO,Low_Volatility,3,Medium,True,Complete,2025-09-02,207073361920,319000,91471000000.0,0000077476,2025-02-04
UBER,"Uber Technologies, Inc.",Technology,Software - Application,43978000000.0,43978.0,17.963573938467317,16.07446496337342,7137000000.0,0.1622856882986948,3333000000.0,27.66258129064532,194.0066304,Positive_Growth,Poor,Normal_DSO,Moderate_Volatility,3,Medium,True,Complete,2025-09-02,194006630400,32700,37281000000.0,0001543151,2025-02-14
TXN,Texas Instruments Incorporated,Technology,Semiconductors,15641000000.0,15641.0,-10.719789942348308,12.414737983763544,6318000000.0,0.40393836711207726,1719000000.0,40.114762483217184,180.163690496,Negative_Growth,Poor,Normal_DSO,Low_Volatility,2,Low,True,Complete,2025-09-02,180163690496,34000,17519000000.0,0000097476,2025-02-14
VZ,Verizon Communications Inc.,Communication Services,Telecom Services,134788000000.0,134788.0,0.6075805753355128,1.0903313070721778,36912000000.0,0.27385227171558296,26109000000.0,70.70202837047809,184.506155008,Positive_Growth,Poor,Moderate_DSO,Low_Volatility,4,Medium,True,Complete,2025-09-02,184506155008,100000,133974000000.0,0000732712,2025-02-12
HDB,HDFC Bank Limited,Financial Services,Banks - Regional,2371508200000.0,2371508.2,19.35513922126162,32.040338849729,1195617400000.0,0.5041590832365666,323230700000.0,49.74859690554728,178.24022528,Positive_Growth,Fair,Normal_DSO,High_Volatility,3,Medium,False,Complete,2025-09-02,178240225280,214521,1986934300000.0,0001144967,
INTU,Intuit Inc.,Technology,Software - Application,16285000000.0,16285.0,13.342149220489977,12.318886088104627,4884000000.0,0.2999078906969604,457000000.0,10.242861529014432,184.757764096,Positive_Growth,Poor,Normal_DSO,Low_Volatility,3,Medium,True,Complete,2025-09-02,184757764096,0,14368000000.0,0000896878,2024-09-04
TMO,Thermo Fisher Scientific Inc.,Healthcare,Diagnostics & Research,42879000000.0,42879.0,0.05133350444501482,2.71384189510611,8667000000.0,0.20212691527321067,8191000000.0,69.72445719349798,183.353278464,Positive_Growth,Poor,Moderate_DSO,Low_Volatility,4,Medium,True,Complete,2025-09-02,183353278464,125000,42857000000.0,0000097745,2025-02-20
CYATY,CYATY,Industrials,Electrical Equipment & Parts,362012554000.0,362012.554,-9.703875523675977,9.94834823425397,96990345000.0,0.2679198384926728,64135510000.0,64.66477720548885,192.388186112,Negative_Growth,Poor,Moderate_DSO,Low_Volatility,4,Medium,False,Complete,2025-09-02,192388186112,147716,400917045000.0,0002070829,
NOW,"ServiceNow, Inc.",Technology,Software - Application,10984000000.0,10984.0,22.43897001449114,20.639723236544185,4267000000.0,0.3884741442097597,2240000000.0,74.43554260742899,188.336996352,High_Growth,Poor,Moderate_DSO,Moderate_Volatility,5,Medium,True,Complete,2025-09-02,188336996352,26293,8971000000.0,0001373715,2025-01-30
BKNG,Booking Holdings Inc.,Consumer Cyclical,Travel Services,23739000000.0,23739.0,11.111631172478353,16.253118344924538,8323000000.0,0.35060449050086356,3199000000.0,49.18635999831501,178.254446592,Positive_Growth,Poor,Normal_DSO,Moderate_Volatility,2,Low,True,Complete,2025-09-02,178254446592,24800,21365000000.0,0001075531,2025-02-20
DTEGY,Deutsche Telekom AG,Communication Services,Telecom Services,115111000000.0,115111.0,3.4166457038128435,1.689896795456761,39874000000.0,0.3463960872549105,16411000000.0,52.03686007418926,179.894779904,Positive_Growth,Poor,Normal_DSO,Low_Volatility,2,Low,False,Complete,2025-09-02,179894779904,199050,111308000000.0,0000946770,
SHOP,Shopify Inc.,Technology,Software - Application,8880000000.0,8880.0,25.77903682719547,22.887038776207767,1616000000.0,0.18198198198198198,280000000.0,11.50900900900901,180.175568896,High_Growth,Poor,Normal_DSO,Moderate_Volatility,5,Medium,True,Complete,2025-09-02,180175568896,8100,7060000000.0,0001594805,2025-02-11
C,Citigroup Inc.,Financial Services,Banks - Diversified,81089000000.0,81089.0,5.277575820523473,4.299625582142463,-19669000000.0,-0.2425606432438432,50841000000.0,228.84688428763457,173.358481408,Positive_Growth,Poor,High_DSO,Low_Volatility,6,High,True,Complete,2025-09-02,173358481408,230000,77024000000.0,0000831001,2025-02-21
BA,The Boeing Company,Industrials,Aerospace & Defense,66517000000.0,66517.0,-14.495976553461706,9.22344953777683,-12080000000.0,-0.18160770930739512,2717000000.0,14.909045807838599,179.854065664,Negative_Growth,Poor,Normal_DSO,Low_Volatility,3,Medium,True,Complete,2025-09-02,179854065664,172000,77794000000.0,0000012927,2025-02-03
SCHW,The Charles Schwab Corporation,Financial Services,Capital Markets,19606000000.0,19606.0,4.082391038912778,4.9098647861825215,2670000000.0,0.13618280118331122,88020000000.0,1638.6463327552792,173.42611456,Positive_Growth,Poor,High_DSO,Low_Volatility,6,High,True,Complete,2025-09-02,173426114560,32600,18837000000.0,0000316709,2025-02-26
BLK,"BlackRock, Inc.",Financial Services,Asset Management,20407000000.0,20407.0,14.267316199115292,7.839810474697718,4956000000.0,0.24285784289704512,4304000000.0,76.98142794139265,172.207357952,Positive_Growth,Poor,Moderate_DSO,Low_Volatility,4,Medium,True,Complete,2025-09-02,172207357952,22700,17859000000.0,0002012383,2025-02-25
MUFG,"Mitsubishi UFJ Financial Group, Inc.",Financial Services,Banks - Diversified,6838439000000.0,6838439.0,16.304433417945415,8.149494462370004,6415000000.0,0.0009380795821970481,,,173.830176768,Positive_Growth,Poor,Normal_DSO,Low_Volatility,3,Medium,False,Complete,2025-09-02,173830176768,150800,5879775000000.0,0000067088,
PDD,PDD Holdings Inc.,Consumer Cyclical,Internet Retail,393836097000.0,393836.097,59.03624670415171,51.25712820495271,121929292000.0,0.30959399843940666,3679309000.0,3.409915432408929,172.395200512,Very_High_Growth,Poor,Normal_DSO,High_Volatility,7,High,False,Complete,2025-09-02,172395200512,23465,247639205000.0,0001737806,
QCOM,QUALCOMM Incorporated,Technology,Semiconductors,38962000000.0,38962.0,8.771635957565605,10.67420810991385,12202000000.0,0.31317694163543963,2347000000.0,21.986935988912272,169.251946496,Positive_Growth,Poor,Normal_DSO,Low_Volatility,2,Low,True,Complete,2025-09-02,169251946496,49000,35820000000.0,0000804328,2024-11-06
GEV,GE Vernova Inc.,Industrials,Specialty Industrial Machinery,34935000000.0,34935.0,5.102439904930955,8.268245198030257,2583000000.0,0.07393731215113783,6310000000.0,65.92672105338487,156.583215104,Positive_Growth,Poor,Moderate_DSO,Low_Volatility,4,Medium,True,Complete,2025-09-02,156583215104,76800,33239000000.0,0001996810,2025-02-06
ISRG,"Intuitive Surgical, Inc.",Healthcare,Medical Instruments & Supplies,8352100000.0,8352.1,17.23726505804242,14.781309500423975,2415000000.0,0.2891488368194825,1225400000.0,53.55192107374193,167.471087616,Positive_Growth,Poor,Normal_DSO,Low_Volatility,3,Medium,True,Complete,2025-09-02,167471087616,15638,7124100000.0,0001035267,2025-01-31
SPGI,S&P Global Inc.,Financial Services,Financial Data & Stock Exchanges,14208000000.0,14208.0,13.691285908618067,12.018602846544766,5689000000.0,0.40040822072072074,2867000000.0,73.65251970720722,164.965810176,Positive_Growth,Poor,Moderate_DSO,Low_Volatility,3,Medium,True,Complete,2025-09-02,164965810176,42350,12497000000.0,0000064040,2025-02-11
ANET,Arista Networks Inc,Technology,Computer Hardware,7003146000.0,7003.146,19.504184862959562,22.867976798769035,3708235000.0,0.5295098802738084,1140478000.0,59.441066914783725,170.657808384,Positive_Growth,Fair,Normal_DSO,Moderate_Volatility,3,Medium,True,Complete,2025-09-02,170657808384,4412,5860168000.0,0001596532,2025-02-19
SONY,Sony Group Corporation,Technology,Consumer Electronics,12957064000000.0,12957064.0,-0.48924917485665975,9.446253639208551,2321675000000.0,0.1791821820128387,1943184000000.0,54.73941936228763,161.42065664,Negative_Growth,Poor,Normal_DSO,Low_Volatility,3,Medium,False,Complete,2025-09-02,161420656640,112300,13020768000000.0,0000313838,
ACN,Accenture plc,Technology,Information Technology Services,64896464000.0,64896.464,1.2239863382286662,2.715362691378686,9131027000.0,0.1407014563998433,11873442000.0,66.78031533428386,158.88842752,Positive_Growth,Poor,Moderate_DSO,Low_Volatility,4,Medium,True,Complete,2025-09-02,158888427520,791000,64111745000.0,0001467373,2024-10-10
BSX,Boston Scientific Corporation,Healthcare,Medical Devices,16747000000.0,16747.0,17.605337078651687,14.089258317387177,3435000000.0,0.2051113632292351,2558000000.0,55.75147787663462,158.006411264,Positive_Growth,Poor,Normal_DSO,Low_Volatility,3,Medium,True,Complete,2025-09-02,158006411264,53000,14240000000.0,0000885725,2025-02-18
APP,AppLovin Corporation,Communication Services,Advertising Agencies,4709248000.0,4709.248,43.43963470964979,27.361160152860144,2099011000.0,0.4457210577994618,1414246000.0,109.61405939971732,161.820475392,High_Growth,Poor,High_DSO,Moderate_Volatility,7,High,True,Complete,2025-09-02,161820475392,1533,3283087000.0,0001751008,2025-02-27
AMGN,Amgen Inc.,Healthcare,Drug Manufacturers - General,33424000000.0,33424.0,18.566867683575737,12.558323485618782,11490000000.0,0.34376495931067497,6782000000.0,74.06145284825276,154.219167744,Positive_Growth,Poor,Moderate_DSO,Low_Volatility,3,Medium,True,Complete,2025-09-02,154219167744,28000,28190000000.0,0000318154,2025-02-14
UL,Unilever PLC,Consumer Defensive,Household & Personal Products,60761000000.0,60761.0,1.9411448896047245,0.9675525477943252,9519000000.0,0.15666299106334655,4227000000.0,25.39219236023107,155.569242112,Positive_Growth,Poor,Normal_DSO,Low_Volatility,3,Medium,False,Complete,2025-09-02,155569242112,115964,59604000000.0,0000217410,
TJX,"The TJX Companies, Inc.",Consumer Cyclical,Apparel Retail,56360000000.0,56360.0,3.9526347824483095,6.113073055066555,6116000000.0,0.10851667849538679,549000000.0,3.5554471256210074,154.053165056,Positive_Growth,Poor,Normal_DSO,Low_Volatility,3,Medium,True,Complete,2025-09-02,154053165056,364000,54217000000.0,0000109198,2025-04-02
NEE,"NextEra Energy, Inc.",Utilities,Utilities - Regulated Electric,24753000000.0,24753.0,-11.954897915629225,14.553238466690722,13260000000.0,0.5356926433159617,3336000000.0,49.19161313780148,148.536573952,Negative_Growth,Fair,Normal_DSO,Low_Volatility,2,Low,True,Complete,2025-09-02,148536573952,16800,28114000000.0,0000753308,2025-02-14
ADBE,Adobe Inc.,Technology,Software - Application,21505000000.0,21505.0,10.799113813179453,10.003420991914574,8056000000.0,0.37461055568472446,2072000000.0,35.16763543362009,145.690673152,Positive_Growth,Poor,Normal_DSO,Low_Volatility,2,Low,True,Complete,2025-09-02,145690673152,30709,19409000000.0,0000796343,2025-01-13
SYK,Stryker Corporation,Healthcare,Medical Devices,22595000000.0,22595.0,10.230266367450483,10.105519689864666,4242000000.0,0.18774065058641293,3987000000.0,64.40606328833813,148.977385472,Positive_Growth,Poor,Moderate_DSO,Low_Volatility,4,Medium,True,Complete,2025-09-02,148977385472,53000,20498000000.0,0000310764,2025-02-12
ARM,Arm Holdings plc,Technology,Semiconductors,4007000000.0,4007.0,23.940612434271575,20.174319009899826,397000000.0,0.09907661592213626,1107000000.0,100.83728475168455,138.27579904,High_Growth,Poor,High_DSO,Moderate_Volatility,7,High,False,Complete,2025-09-02,138275799040,8330,3233000000.0,0001973239,
DHR,Danaher Corporation,Healthcare,Diagnostics & Research,23875000000.0,23875.0,-0.06278777731268313,6.4258939822773735,6688000000.0,0.2801256544502618,3537000000.0,54.07350785340314,145.329913856,Negative_Growth,Poor,Normal_DSO,Low_Volatility,3,Medium,True,Complete,2025-09-02,145329913856,61000,23890000000.0,0000313616,2025-02-20
LOW,"Lowe's Companies, Inc.",Consumer Cyclical,Home Improvement Retail,83674000000.0,83674.0,-3.1293052548710882,7.9492833676179195,9625000000.0,0.11502975834787389,0.0,0.0,145.00691968,Negative_Growth,Poor,Normal_DSO,Low_Volatility,3,Medium,True,Complete,2025-09-02,145006919680,300000,86377000000.0,0000060667,2025-03-24
COF,Capital One Financial Corporation,Financial Services,Credit Services,39112000000.0,39112.0,6.320167450458042,6.623129231406477,18159000000.0,0.46428206177132336,2532000000.0,23.62906524851708,142.74977792,Positive_Growth,Poor,Normal_DSO,Low_Volatility,2,Low,True,Complete,2025-09-02,142749777920,76500,36787000000.0,0000927628,2025-02-20
PGR,The Progressive Corporation,Financial Services,Insurance - Property & Casualty,75343000000.0,75343.0,21.35850393827618,20.661486215365237,15119000000.0,0.2006689407111477,19134000000.0,92.69487543633781,143.996387328,High_Growth,Poor,High_DSO,Moderate_Volatility,7,High,True,Complete,2025-09-02,143996387328,66308,62083000000.0,0000080661,2025-03-03
PFE,Pfizer Inc.,Healthcare,Drug Manufacturers - General,63627000000.0,63627.0,6.840965190670495,30.6812985632516,12744000000.0,0.20029232872837002,11463000000.0,65.75816870196614,141.156286464,Positive_Growth,Poor,Moderate_DSO,High_Volatility,5,Medium,True,Complete,2025-09-02,141156286464,81000,59553000000.0,0000078003,2025-02-27
SPOT,Spotify Technology S.A.,Communication Services,Internet Content & Information,15673000000.0,15673.0,18.313580433305653,14.689344450450076,2301000000.0,0.14681299049320487,540000000.0,12.575767243029414,141.244350464,Positive_Growth,Poor,Normal_DSO,Low_Volatility,3,Medium,False,Complete,2025-09-02,141244350464,7691,13247000000.0,0001639920,
BHP,BHP Group Limited,Basic Materials,Other Industrial Metals & Mining,51262000000.0,51262.0,-7.898235653455028,4.120350996863468,18692000000.0,0.3646365729000039,4116000000.0,29.307089071827082,141.272203264,Negative_Growth,Poor,Normal_DSO,Low_Volatility,2,Low,False,Complete,2025-09-02,141272203264,39369,55658000000.0,0000811809,
GILD,"Gilead Sciences, Inc.",Healthcare,Drug Manufacturers - General,28754000000.0,28754.0,6.040713969612037,3.2537784239248193,10828000000.0,0.3765736940947346,4420000000.0,56.106976420671906,139.591122944,Positive_Growth,Poor,Normal_DSO,Low_Volatility,2,Low,True,Complete,2025-09-02,139591122944,17600,27116000000.0,0000882095,2025-02-28
HON,Honeywell International Inc.,Industrials,Conglomerates,38498000000.0,38498.0,5.007910097648792,4.141565826822601,6097000000.0,0.1583718634734272,7819000000.0,74.13203283287444,137.90281728,Positive_Growth,Poor,Moderate_DSO,Low_Volatility,4,Medium,True,Complete,2025-09-02,137902817280,102000,36662000000.0,0000773840,2025-02-14
SAN,"Banco Santander, S.A.",Financial Services,Banks - Diversified,63842000000.0,63842.0,6.620127592771969,8.156689748447778,-24155000000.0,-0.37835594122991134,11426000000.0,65.32517778265093,140.441862144,Positive_Growth,Poor,Moderate_DSO,Low_Volatility,4,Medium,False,Complete,2025-09-02,140441862144,204330,59878000000.0,0000891478,
TTE,TotalEnergies SE,Energy,Oil & Gas Integrated,195610000000.0,195610.0,-10.657927790084267,15.219879888268132,30854000000.0,0.1577322222790246,19281000000.0,35.977531823526405,136.432205824,Negative_Growth,Poor,Normal_DSO,Moderate_Volatility,3,Medium,False,Complete,2025-09-02,136432205824,62796,218945000000.0,0000879764,
ETN,Eaton Corporation plc,Industrials,Specialty Industrial Machinery,24878000000.0,24878.0,7.251250215554405,9.043214167610616,4327000000.0,0.17392877240935767,4619000000.0,67.76810836883993,133.265178624,Positive_Growth,Poor,Moderate_DSO,Low_Volatility,4,Medium,True,Complete,2025-09-02,133265178624,94443,23196000000.0,0001551182,2025-02-27
APH,Amphenol Corporation,Technology,Electronic Components,15222700000.0,15222.7,21.251005599496605,11.294720490395623,2814700000.0,0.18490149579246784,3287900000.0,78.83512780255803,132.286685184,High_Growth,Poor,Moderate_DSO,Low_Volatility,5,Medium,True,Complete,2025-09-02,132286685184,125000,12554700000.0,0000820313,2025-02-07
DE,Deere & Company,Industrials,Farm & Heavy Construction Machinery,50518000000.0,50518.0,-16.149913690081,10.016610343792433,9231000000.0,0.18272694881032503,5326000000.0,38.481135436873984,128.12242944,Negative_Growth,Poor,Normal_DSO,Low_Volatility,3,Medium,True,Complete,2025-09-02,128122429440,75800,60248000000.0,0000315189,2024-12-12
MU,"Micron Technology, Inc.",Technology,Semiconductors,25111000000.0,25111.0,61.589446589446595,32.31884935358026,8507000000.0,0.3387758352913066,5419000000.0,78.76767153836964,131.145244672,Very_High_Growth,Poor,Moderate_DSO,High_Volatility,7,High,True,Complete,2025-09-02,131145244672,48000,15540000000.0,0000723125,2024-10-04
TD,The Toronto-Dominion Bank,Financial Services,Banks - Diversified,56256000000.0,56256.0,9.184069559816784,10.26836546904101,54937000000.0,0.9765536120591581,18440000000.0,119.64234926052332,127.066898432,Positive_Growth,Excellent,High_DSO,Low_Volatility,2,Low,False,Complete,2025-09-02,127066898432,101577,51524000000.0,0000947263,
UNP,Union Pacific Corporation,Industrials,Railroads,24250000000.0,24250.0,0.5431402628633027,1.6547650169326114,9346000000.0,0.3854020618556701,1894000000.0,28.50762886597938,131.171549184,Positive_Growth,Poor,Normal_DSO,Low_Volatility,2,Low,True,Complete,2025-09-02,131171549184,29929,24119000000.0,0000100885,2025-02-07
AMAT,"Applied Materials, Inc.",Technology,Semiconductor Equipment & Materials,27176000000.0,27176.0,2.485198174755817,2.626459579353343,8677000000.0,0.3192890785987636,5234000000.0,70.29768913747425,124.82981888,Positive_Growth,Poor,Moderate_DSO,Low_Volatility,3,Medium,True,Complete,2025-09-02,124829818880,36100,26517000000.0,0000006951,2024-12-13
KKR,KKR & Co. Inc.,Financial Services,Asset Management,21640288000.0,21640.288,51.08904849377255,58.14141814030977,6649878000.0,0.3072915665447706,514636000.0,8.680205180263775,127.698214912,Very_High_Growth,Poor,Normal_DSO,High_Volatility,7,High,True,Complete,2025-09-02,127698214912,4834,14322870000.0,0001404912,2025-02-28
LRCX,Lam Research Corporation,Technology,Semiconductor Equipment & Materials,18435591000.0,18435.591,23.684089764599186,10.745918459394623,6173264000.0,0.33485576893086855,3378071000.0,66.88127953153224,122.119667712,High_Growth,Poor,Moderate_DSO,Low_Volatility,4,Medium,True,Complete,2025-09-02,122119667712,19000,14905386000.0,0000707549,2025-08-11
UBS,UBS Group AG,Financial Services,Banks - Diversified,45346000000.0,45346.0,16.690684508492023,15.433460838964539,3279000000.0,0.07231067789882238,30215000000.0,243.20722886252372,124.992135168,Positive_Growth,Poor,High_DSO,Moderate_Volatility,6,High,False,Complete,2025-09-02,124992135168,105132,38860000000.0,0001610520,
ADI,"Analog Devices, Inc.",Technology,Semiconductors,9427157000.0,9427.157,-23.390946142220994,14.084803813536121,3852529000.0,0.4086628662278564,1336331000.0,51.73996943086871,121.325944832,Negative_Growth,Poor,Normal_DSO,Low_Volatility,2,Low,True,Complete,2025-09-02,121325944832,24000,12305539000.0,0000006281,2024-11-26
BTI,British American Tobacco p.l.c.,Consumer Defensive,Tobacco,25867000000.0,25867.0,-5.190045083018729,3.502624958336907,10125000000.0,0.39142536822979085,3604000000.0,50.85475702632698,120.26023936,Negative_Growth,Poor,Normal_DSO,Low_Volatility,2,Low,False,Complete,2025-09-02,120260239360,48989,27283000000.0,0001303523,
HTHIY,"Hitachi, Ltd.",Industrials,Conglomerates,9783370000000.0,9783370.0,0.5617801979212879,6.41743492331582,1172240000000.0,0.11981965314610406,3496340000000.0,130.442178921987,120.9255936,Positive_Growth,Poor,High_DSO,Low_Volatility,6,High,False,Complete,2025-09-02,120925593600,282743,9728716000000.0,0000047710,
PANW,"Palo Alto Networks, Inc.",Technology,Software - Infrastructure,9221500000.0,9221.5,14.873871068203051,14.471127583567208,3716000000.0,0.4029713170308518,2965000000.0,117.35888955159139,127.332605952,Positive_Growth,Poor,High_DSO,Low_Volatility,4,Medium,True,Complete,2025-09-02,127332605952,16068,8027500000.0,0001327567,2025-08-29
CMCSA,Comcast Corporation,Communication Services,Telecom Services,123731000000.0,123731.0,1.7759023459349192,1.0555957386361765,27673000000.0,0.22365454089920878,13661000000.0,40.299237862782974,125.738213376,Positive_Growth,Poor,Normal_DSO,Low_Volatility,3,Medium,True,Complete,2025-09-02,125738213376,182000,121572000000.0,0001166691,2025-01-31
BUD,Anheuser-Busch InBev SA/NV,Consumer Defensive,Beverages - Brewers,59768000000.0,59768.0,0.6534186594813068,1.780957758802521,15055000000.0,0.2518906438227814,3792000000.0,23.157542497657612,118.988201984,Positive_Growth,Poor,Normal_DSO,Low_Volatility,3,Medium,False,Complete,2025-09-02,118988201984,144000,59380000000.0,0001668717,
SNY,Sanofi,Healthcare,Drug Manufacturers - General,44286000000.0,44286.0,6.410687683213993,4.55386797949324,9081000000.0,0.20505351578376912,7677000000.0,63.2729304972226,120.472436736,Positive_Growth,Poor,Moderate_DSO,Low_Volatility,4,Medium,False,Complete,2025-09-02,120472436736,82878,41618000000.0,0001121404,
ADP,"Automatic Data Processing, Inc.",Technology,Software - Application,20560900000.0,20560.9,7.073521293991439,6.621839590162929,4939700000.0,0.24024726544071515,3579100000.0,63.53668856908015,121.11798272,Positive_Growth,Poor,Moderate_DSO,Low_Volatility,4,Medium,True,Complete,2025-09-02,121117982720,67000,19202600000.0,0000008670,2025-08-06
COP,ConocoPhillips,Energy,Oil & Gas E&P,54745000000.0,54745.0,-2.486596248730874,21.111193460132906,20124000000.0,0.3675952141748105,6695000000.0,44.63740980911499,123.470209024,Negative_Growth,Poor,Normal_DSO,Moderate_Volatility,3,Medium,True,Complete,2025-09-02,123470209024,11700,56141000000.0,0001163165,2025-02-18
MELI,"MercadoLibre, Inc.",Consumer Cyclical,Internet Retail,20777000000.0,20777.0,37.532269808697954,32.23156421377791,7918000000.0,0.38109447947249364,255000000.0,4.479713144342301,120.71051264,High_Growth,Poor,Normal_DSO,High_Volatility,5,Medium,True,Complete,2025-09-02,120710512640,84207,15107000000.0,0001099590,2025-02-21
RTNTF,Rio Tinto Group,Basic Materials,Other Industrial Metals & Mining,53658000000.0,53658.0,-0.7087211561592125,1.842329834055814,15599000000.0,0.29071154347907113,2344000000.0,15.944686719594468,128.224985088,Negative_Growth,Poor,Normal_DSO,Low_Volatility,3,Medium,False,Complete,2025-09-02,128224985088,60000,54041000000.0,0000887028,
MDT,Medtronic plc,Healthcare,Medical Devices,33537000000.0,33537.0,3.6243974786800153,3.5676017800238733,7044000000.0,0.21003667591018874,6515000000.0,70.90601425291469,120.149573632,Positive_Growth,Poor,Moderate_DSO,Low_Volatility,4,Medium,True,Complete,2025-09-02,120149573632,95000,32364000000.0,0001613103,2025-06-20
KLAC,KLA Corporation,Technology,Semiconductor Equipment & Materials,12156162000.0,12156.162,23.887647752854164,11.138660417143411,4081903000.0,0.3357887958386866,2263915000.0,67.97614041339692,111.266873344,High_Growth,Poor,Moderate_DSO,Low_Volatility,4,Medium,True,Complete,2025-09-02,111266873344,15000,9812247000.0,0000319201,2025-08-08
IBN,ICICI Bank Limited,Financial Services,Banks - Regional,2055592900000.0,2055592.9,27.510105514716233,21.578904590787467,1228052600000.0,0.5974201409238181,,,113.245233152,High_Growth,Fair,Normal_DSO,Moderate_Volatility,4,Medium,False,Complete,2025-09-02,113245233152,182665,1612101952000.0,0001103838,
NKE,"NIKE, Inc.",Consumer Cyclical,Footwear & Accessories,46309000000.0,46309.0,-9.838012538452553,5.795779735496332,3698000000.0,0.07985488781878253,4717000000.0,37.178626184974846,109.777977344,Negative_Growth,Poor,Normal_DSO,Low_Volatility,3,Medium,True,Complete,2025-09-02,109777977344,77800,51362000000.0,0000320187,2025-07-17
WELL,Welltower Inc.,Real Estate,REIT - Healthcare Facilities,7853618000.0,7853.618,21.230903930409397,15.766899149806374,2256421000.0,0.2873097469217372,1712402000.0,79.58455962589471,111.79425792,High_Growth,Poor,Moderate_DSO,Moderate_Volatility,5,Medium,True,Complete,2025-09-02,111794257920,685,6478231000.0,0000766704,2025-02-12
MO,"Altria Group, Inc.",Consumer Defensive,Tobacco,20444000000.0,20444.0,-0.28289922934347866,0.6204669805522824,8753000000.0,0.42814517706906674,177000000.0,3.1600958716493834,112.787980288,Negative_Growth,Poor,Normal_DSO,Low_Volatility,2,Low,True,Complete,2025-09-02,112787980288,6200,20502000000.0,0000764180,2025-02-26
SNPS,"Synopsys, Inc.",Technology,Software - Infrastructure,6127436000.0,6127.436,15.220381142283568,14.130233009616477,1407029000.0,0.22962769419378676,941312000.0,56.072210301339744,108.805873664,Positive_Growth,Poor,Normal_DSO,Low_Volatility,3,Medium,True,Complete,2025-09-02,108805873664,20000,5318014000.0,0000883241,2024-12-19
CB,Chubb Limited,Financial Services,Insurance - Property & Casualty,56150000000.0,56150.0,12.002074481878203,13.257036945076022,16182000000.0,0.28819234194122884,34492000000.0,224.213357079252,109.831118848,Positive_Growth,Poor,High_DSO,Low_Volatility,6,High,True,Complete,2025-09-02,109831118848,43000,50133000000.0,0000896159,2025-02-27
SE,Sea Limited,Consumer Cyclical,Internet Retail,16819866000.0,16819.866,28.75407622424515,16.766316341037587,3277420000.0,0.19485410882583726,306657000.0,6.654619305528355,104.530010112,High_Growth,Poor,Normal_DSO,Moderate_Volatility,4,Medium,False,Complete,2025-09-02,104530010112,80700,13063560000.0,0001703399,
INTC,Intel Corporation,Technology,Semiconductors,53101000000.0,53101.0,-2.0782621523935974,9.59644813323207,8288000000.0,0.1560799231652888,3478000000.0,23.90670608839758,105.39810816,Negative_Growth,Poor,Normal_DSO,Low_Volatility,3,Medium,True,Complete,2025-09-02,105398108160,108900,54228000000.0,0000050863,2025-01-31
LMT,Lockheed Martin Corporation,Industrials,Aerospace & Defense,71043000000.0,71043.0,5.1382989744121,3.7938315704183303,6972000000.0,0.09813774756133609,2351000000.0,12.078811424067114,105.316057088,Positive_Growth,Poor,Normal_DSO,Low_Volatility,3,Medium,True,Complete,2025-09-02,105316057088,121000,67571000000.0,0000936468,2025-01-28
CRWD,"CrowdStrike Holdings, Inc.",Technology,Software - Infrastructure,3953624000.0,3953.624,29.391354434791715,27.778276041244915,1381727000.0,0.34948366359572886,1128564000.0,104.18943733647914,103.266902016,High_Growth,Poor,High_DSO,Moderate_Volatility,6,High,True,Complete,2025-09-02,103266902016,10047,3055555000.0,0001535527,2025-03-10
SMFG,"Sumitomo Mitsui Financial Group, Inc.",Financial Services,Banks - Diversified,5066265000000.0,5066265.0,14.275683221638793,15.291733190713266,4848464000000.0,0.9570095524020161,231199000000.0,16.65677476405202,105.119490048,Positive_Growth,Excellent,Normal_DSO,Moderate_Volatility,0,Low,False,Complete,2025-09-02,105119490048,123000,4433371000000.0,0001022837,
DASH,"DoorDash, Inc.",Consumer Cyclical,Internet Retail,10722000000.0,10722.0,24.169079328314997,23.934363881500957,2132000000.0,0.19884349934713672,732000000.0,24.918858421936207,104.11810816,High_Growth,Poor,Normal_DSO,Moderate_Volatility,5,Medium,True,Complete,2025-09-02,104118108160,23700,8635000000.0,0001792789,2025-02-14
IBKR,"Interactive Brokers Group, Inc.",Financial Services,Capital Markets,9316000000.0,9316.0,19.635289585206113,37.058021835432484,8724000000.0,0.9364534134821811,64432000000.0,2524.439673679691,106.952671232,Positive_Growth,Excellent,High_DSO,High_Volatility,4,Medium,True,Complete,2025-09-02,106952671232,3087,7787000000.0,0001381197,2025-02-27
PLD,"Prologis, Inc.",Real Estate,REIT - Industrial,8201610000.0,8201.61,2.2202491216704394,16.731633444575447,4912209000.0,0.5989322828078877,407464000.0,18.133556704110532,103.673913344,Positive_Growth,Fair,Normal_DSO,Moderate_Volatility,2,Low,True,Complete,2025-09-02,103673913344,2703,8023469000.0,0001045609,2025-02-14
ENB,Enbridge Inc.,Energy,Oil & Gas Midstream,53473000000.0,53473.0,22.506815734610186,11.21805484465114,12600000000.0,0.23563293624820003,6920000000.0,47.23505320442093,104.900313088,High_Growth,Poor,Normal_DSO,Low_Volatility,4,Medium,True,Complete,2025-09-02,104900313088,14500,43649000000.0,0000895728,2025-02-14
BBVA,"Banco Bilbao Vizcaya Argentaria, S.A.",Financial Services,Banks - Diversified,39235000000.0,39235.0,17.375175756125287,16.63848960358502,-18190000000.0,-0.46361666879062063,31693000000.0,294.83739008538294,104.253988864,Positive_Growth,Poor,High_DSO,Moderate_Volatility,6,High,False,Complete,2025-09-02,104253988864,125864,33427000000.0,0000842180,
SO,The Southern Company,Utilities,Utilities - Regulated Electric,26724000000.0,26724.0,5.825050489050806,7.5213290713437155,9788000000.0,0.3662625355485706,2228000000.0,30.430324801676395,101.03959552,Positive_Growth,Poor,Normal_DSO,Low_Volatility,2,Low,True,Complete,2025-09-02,101039595520,28314,25253000000.0,0000092122,2025-02-20
ICE,"Intercontinental Exchange, Inc.",Financial Services,Financial Data & Stock Exchanges,11761000000.0,11761.0,18.7619913157629,11.09441515481148,4609000000.0,0.39188844486013097,1490000000.0,46.24181617209421,100.088160256,Positive_Growth,Poor,Normal_DSO,Low_Volatility,2,Low,True,Complete,2025-09-02,100088160256,12806,9903000000.0,0001571949,2025-02-06
MMC,"Marsh & McLennan Companies, Inc.",Financial Services,Insurance Brokers,24458000000.0,24458.0,7.573891625615764,8.264537388240118,4302000000.0,0.1758933682230763,6533000000.0,97.49550249407147,101.033648128,Positive_Growth,Poor,High_DSO,Low_Volatility,5,Medium,True,Complete,2025-09-02,101033648128,90000,22736000000.0,0000062709,2025-02-10
CFRUY,Compagnie Financi√®re Richemont SA,Consumer Cyclical,Luxury Goods,21399000000.0,21399.0,3.7980209545983703,3.5042089455352303,4443000000.0,0.20762652460395345,876000000.0,14.94181971120146,101.002969088,Positive_Growth,Poor,Normal_DSO,Low_Volatility,3,Medium,False,Complete,2025-09-02,101002969088,38896,20616000000.0,0000948401,
RIO,Rio Tinto Group,Basic Materials,Other Industrial Metals & Mining,53658000000.0,53658.0,-0.7087211561592125,1.842329834055814,15599000000.0,0.29071154347907113,2344000000.0,15.944686719594468,100.175921152,Negative_Growth,Poor,Normal_DSO,Low_Volatility,3,Medium,False,Complete,2025-09-02,100175921152,60000,54041000000.0,0000863064,
VRTX,Vertex Pharmaceuticals Incorporated,Healthcare,Biotechnology,11020100000.0,11020.1,11.661532849673732,10.528146518840709,-492600000.0,-0.04470013883721563,1609400000.0,53.30541465140969,102.453846016,Positive_Growth,Poor,Normal_DSO,Low_Volatility,3,Medium,True,Complete,2025-09-02,102453846016,6100,9869200000.0,0000875320,2025-02-13
SBUX,Starbucks Corporation,Consumer Cyclical,Restaurants,36176200000.0,36176.2,0.5576001512136003,6.353284225607143,6095600000.0,0.16849752046925878,1213800000.0,12.246642820417845,101.069684736,Positive_Growth,Poor,Normal_DSO,Low_Volatility,3,Medium,True,Complete,2025-09-02,101069684736,361000,35975600000.0,0000829224,2024-11-20
CEG,Constellation Energy Corporation,Utilities,Utilities - Renewable,23568000000.0,23568.0,-5.4177702865398505,2.8159314936885065,-2464000000.0,-0.10454854039375425,3116000000.0,48.257807196198236,95.082340352,Negative_Growth,Poor,Normal_DSO,Low_Volatility,3,Medium,True,Complete,2025-09-02,95082340352,14215,24918000000.0,0001868275,2025-02-18
BN,Brookfield Corporation,Financial Services,Asset Management,86006000000.0,86006.0,-10.339435386347526,5.5339084836095545,7569000000.0,0.08800548798921005,20283000000.0,86.07882008231984,98.571902976,Negative_Growth,Poor,Moderate_DSO,Low_Volatility,4,Medium,False,Complete,2025-09-02,98571902976,250000,95924000000.0,0001001085,
RCL,Royal Caribbean Cruises Ltd.,Consumer Cyclical,Travel Services,16485000000.0,16485.0,18.597122302158272,29.741478916626978,5265000000.0,0.31938125568698816,371000000.0,8.214437367303608,96.210640896,Positive_Growth,Poor,Normal_DSO,Moderate_Volatility,3,Medium,True,Complete,2025-09-02,96210640896,105950,13900000000.0,0000884887,2025-02-14
CME,CME Group Inc.,Financial Services,Financial Data & Stock Exchanges,6130100000.0,6130.1,9.880083887504705,9.959503036244104,3690500000.0,0.6020293306797605,573100000.0,34.12366845565325,95.127707648,Positive_Growth,Fair,Normal_DSO,Low_Volatility,1,Low,True,Complete,2025-09-02,95127707648,3760,5578900000.0,0001156375,2025-02-27
MSTR,Strategy Inc,Technology,Software - Application,463456000.0,463.456,-6.610432816602555,4.084432412040941,-53032000.0,-0.11442725954567425,181203000.0,142.70846639163156,96.481746944,Negative_Growth,Poor,High_DSO,Low_Volatility,6,High,True,Complete,2025-09-02,96481746944,1512,496261000.0,0001050446,2025-02-18
BAM,Brookfield Asset Management Ltd.,Financial Services,Asset Management,482000000.0,482.0,25.848563968668408,88.28775408742483,627000000.0,1.3008298755186722,,,94.810546176,High_Growth,Excellent,Normal_DSO,High_Volatility,3,Medium,True,Complete,2025-09-02,94810546176,2500,383000000.0,0001937926,2025-03-17
PH,Parker-Hannifin Corporation,Industrials,Specialty Industrial Machinery,19850000000.0,19850.0,-0.4014049172102358,2.43686253215065,3776000000.0,0.19022670025188917,2910000000.0,53.5088161209068,95.008333824,Negative_Growth,Poor,Normal_DSO,Low_Volatility,3,Medium,True,Complete,2025-09-02,95008333824,57950,19930000000.0,0000076334,2025-08-22
BMY,Bristol-Myers Squibb Company,Healthcare,Drug Manufacturers - General,48300000000.0,48300.0,7.319024130115985,3.595552837871794,15190000000.0,0.3144927536231884,9012000000.0,68.10310559006211,96.38825984,Positive_Growth,Poor,Moderate_DSO,Low_Volatility,3,Medium,True,Complete,2025-09-02,96388259840,34100,45006000000.0,0000014272,2025-02-12
DUK,Duke Energy Corporation,Utilities,Utilities - Regulated Electric,30357000000.0,30357.0,4.463179628355127,2.8774030515541766,12328000000.0,0.4061007345916922,4672000000.0,56.17419376091181,94.559076352,Positive_Growth,Poor,Normal_DSO,Low_Volatility,2,Low,True,Complete,2025-09-02,94559076352,26413,29060000000.0,0001326160,2025-02-27
AMT,American Tower Corporation,Real Estate,REIT - Specialty,10127200000.0,10127.2,1.1485987095743193,2.534455785826317,5290500000.0,0.522405008294494,540000000.0,19.462437791294732,93.423099904,Positive_Growth,Fair,Normal_DSO,Low_Volatility,2,Low,True,Complete,2025-09-02,93423099904,4691,10012200000.0,0001053507,2025-02-25
HCA,"HCA Healthcare, Inc.",Healthcare,Medical Care Facilities,70603000000.0,70603.0,8.673500800394041,7.954135380917801,10514000000.0,0.1489171848221747,10751000000.0,55.58000368256307,94.945411072,Positive_Growth,Poor,Normal_DSO,Low_Volatility,3,Medium,True,Complete,2025-09-02,94945411072,226000,64968000000.0,0000860730,2025-02-14
TT,Trane Technologies plc,Industrials,Building Products & Equipment,19838200000.0,19838.2,12.222247363895551,10.810404609662125,3145600000.0,0.1585627728322126,3090200000.0,56.85611597826416,91.243388928,Positive_Growth,Poor,Normal_DSO,Low_Volatility,3,Medium,True,Complete,2025-09-02,91243388928,45000,17677600000.0,0001466258,2025-02-06
CDNS,"Cadence Design Systems, Inc.",Technology,Software - Application,4641264000.0,4641.264,13.478725844049343,13.173723441800773,1260551000.0,0.27159648750857524,393017000.0,30.90778826629987,93.063503872,Positive_Growth,Poor,Normal_DSO,Low_Volatility,3,Medium,True,Complete,2025-09-02,93063503872,13152,4089986000.0,0000813672,2025-02-21
HOOD,"Robinhood Markets, Inc.",Financial Services,Capital Markets,2951000000.0,2951.0,58.23056300268097,39.54559115433688,-157000000.0,-0.05320230430362589,8710000000.0,1077.3127753303966,89.409593344,Very_High_Growth,Poor,High_DSO,High_Volatility,10,Very High,True,Complete,2025-09-02,89409593344,2300,1865000000.0,0001783879,2025-02-18
SHW,The Sherwin-Williams Company,Basic Materials,Specialty Chemicals,23098500000.0,23098.5,0.20215253406443723,2.3512988173483373,3153200000.0,0.13651102885468752,2388800000.0,37.74755936532675,90.123902976,Positive_Growth,Poor,Normal_DSO,Low_Volatility,3,Medium,True,Complete,2025-09-02,90123902976,63890,23051900000.0,0000089800,2025-02-20
MCO,Moody's Corporation,Financial Services,Financial Data & Stock Exchanges,7088000000.0,7088.0,19.810682893847193,13.585903064083569,2838000000.0,0.40039503386004516,1801000000.0,92.74336907449211,89.423470592,Positive_Growth,Poor,High_DSO,Low_Volatility,4,Medium,True,Complete,2025-09-02,89423470592,15913,5916000000.0,0001059556,2025-02-14
CVS,CVS Health Corporation,Healthcare,Healthcare Plans,372809000000.0,372809.0,4.201791064800322,7.362194736180472,9107000000.0,0.024428058335501556,14612000000.0,14.305931455517436,93.528301568,Positive_Growth,Poor,Normal_DSO,Low_Volatility,3,Medium,True,Complete,2025-09-02,93528301568,219000,357776000000.0,0000064803,2025-02-12
WM,"Waste Management, Inc.",Industrials,Waste Management,22063000000.0,22063.0,8.014295505727993,5.843335622491581,5390000000.0,0.2443004124552418,3272000000.0,54.13044463581562,90.536042496,Positive_Growth,Poor,Normal_DSO,Low_Volatility,3,Medium,True,Complete,2025-09-02,90536042496,61700,20426000000.0,0000823768,2025-02-19
BP,BP p.l.c.,Energy,Oil & Gas Integrated,189185000000.0,189185.0,-9.967639080569171,12.301809726580279,27297000000.0,0.1442873377910511,21659000000.0,41.78732457647276,90.628653056,Negative_Growth,Poor,Normal_DSO,Low_Volatility,3,Medium,False,Complete,2025-09-02,90628653056,100500,210130000000.0,0000313807,
DELL,Dell Technologies Inc.,Technology,Computer Hardware,95567000000.0,95567.0,8.076901328809726,7.2712217620244255,4521000000.0,0.04730712484435004,10298000000.0,39.331254512540944,81.524187136,Positive_Growth,Poor,Normal_DSO,Low_Volatility,3,Medium,True,Complete,2025-09-02,81524187136,108000,88425000000.0,0001571996,2025-03-25
ORLY,"O'Reilly Automotive, Inc.",Consumer Cyclical,Auto Parts,16708479000.0,16708.479,5.667940995114548,7.406003898957817,3049576000.0,0.18251667312147324,356839000.0,7.795217924982878,87.598833664,Positive_Growth,Poor,Normal_DSO,Low_Volatility,3,Medium,True,Complete,2025-09-02,87598833664,92810,15812250000.0,0000898173,2025-02-28
RELX,RELX PLC,Industrials,Specialty Business Services,9434000000.0,9434.0,2.980024014845541,4.983686366801394,2608000000.0,0.27644689421242313,2184000000.0,84.49862200551198,82.871222272,Positive_Growth,Poor,Moderate_DSO,Low_Volatility,4,Medium,False,Complete,2025-09-02,82871222272,36000,9161000000.0,0000929869,
GD,General Dynamics Corporation,Industrials,Aerospace & Defense,47716000000.0,47716.0,12.878501135503406,9.785571496924138,4112000000.0,0.08617654455528544,2977000000.0,22.772340514712045,86.830931968,Positive_Growth,Poor,Normal_DSO,Low_Volatility,3,Medium,True,Complete,2025-09-02,86830931968,117000,42272000000.0,0000040533,2025-02-07
BMO,Bank of Montreal,Financial Services,Banks - Diversified,32041000000.0,32041.0,2.976056564358027,10.419838774567376,29030000000.0,0.9060266533503948,40211000000.0,458.06981679722855,86.665986048,Positive_Growth,Excellent,High_DSO,Low_Volatility,3,Medium,False,Complete,2025-09-02,86665986048,53597,31115000000.0,0000927971,
CTAS,Cintas Corporation,Industrials,Specialty Business Services,10340181000.0,10340.181,7.748211218226427,7.95353705774218,2165905000.0,0.2094649020167055,1417381000.0,50.03239933614315,83.116228608,Positive_Growth,Poor,Normal_DSO,Low_Volatility,3,Medium,True,Complete,2025-09-02,83116228608,48300,9596615000.0,0000723254,2025-07-28
NTES,"NetEase, Inc.",Communication Services,Electronic Gaming & Multimedia,105295236000.0,105295.236,1.7658350333651922,4.563661672458349,39676813000.0,0.37681489217612846,5669027000.0,19.651362526980805,87.099006976,Positive_Growth,Poor,Normal_DSO,Low_Volatility,2,Low,False,Complete,2025-09-02,87099006976,26028,103468159000.0,0001110646,
RBLX,Roblox Corporation,Communication Services,Electronic Gaming & Multimedia,3601979000.0,3601.979,28.675470854228628,24.0525612112533,822316000.0,0.22829561193999187,614838000.0,62.303492052563335,88.722440192,High_Growth,Poor,Moderate_DSO,Moderate_Volatility,6,High,True,Complete,2025-09-02,88722440192,2474,2799274000.0,0001315098,2025-02-18
MCK,McKesson Corporation,Healthcare,Medical Distribution,359051000000.0,359051.0,16.21616372822875,13.175929145126233,6085000000.0,0.016947453147324473,22281000000.0,22.650166689411808,85.98945792,Positive_Growth,Poor,Normal_DSO,Low_Volatility,3,Medium,True,Complete,2025-09-02,85989457920,43000,308951000000.0,0000927653,2025-05-09
RACE,Ferrari N.V.,Consumer Cyclical,Auto Manufacturers,6676668000.0,6676.668,11.834249949666223,13.395272069357159,1926656000.0,0.2885654940458324,349176000.0,19.088749058662195,87.284670464,Positive_Growth,Poor,Normal_DSO,Low_Volatility,3,Medium,False,Complete,2025-09-02,87284670464,5478,5970146000.0,0001648416,
NOC,Northrop Grumman Corporation,Industrials,Aerospace & Defense,41033000000.0,41033.0,4.436243318910664,5.727342765356502,4388000000.0,0.10693831793921965,1272000000.0,11.314795408573588,84.144078848,Positive_Growth,Poor,Normal_DSO,Low_Volatility,3,Medium,True,Complete,2025-09-02,84144078848,97000,39290000000.0,0001133421,2025-01-30
MMM,3M Company,Industrials,Conglomerates,24575000000.0,24575.0,-0.14221861032100772,20.00981870470492,1819000000.0,0.07401831129196337,3194000000.0,47.438860630722274,82.02502144,Negative_Growth,Poor,Normal_DSO,Moderate_Volatility,4,Medium,True,Complete,2025-09-02,82025021440,61500,24610000000.0,0000066740,2025-02-05
MFG,"Mizuho Financial Group, Inc.",Financial Services,Banks - Regional,3645206000000.0,3645206.0,22.69008989360055,16.131421324262522,-3820800000000.0,-1.0481712144663429,,,81.16973568,High_Growth,Poor,Normal_DSO,Moderate_Volatility,4,Medium,False,Complete,2025-09-02,81169735680,52554,2971068000000.0,0001335730,
PNC,"The PNC Financial Services Group, Inc.",Financial Services,Banks - Regional,20809000000.0,20809.0,-3.254451624901204,1.6598702280018358,7880000000.0,0.3786823009274833,,,80.45871104,Negative_Growth,Poor,Normal_DSO,Low_Volatility,2,Low,True,Complete,2025-09-02,80458711040,53175,21509000000.0,0000713676,2025-02-21
GSK,GSK plc,Healthcare,Drug Manufacturers - General,31376000000.0,31376.0,3.4555526246372987,3.3816362640174598,6554000000.0,0.20888577256501784,5563000000.0,64.71490948495665,78.126555136,Positive_Growth,Poor,Moderate_DSO,Low_Volatility,4,Medium,False,Complete,2025-09-02,78126555136,68629,30328000000.0,0001131399,
CI,The Cigna Group,Healthcare,Healthcare Plans,244384000000.0,244384.0,25.205059763201444,16.28962636329512,10363000000.0,0.042404576404347256,30370000000.0,45.35914789838942,80.437420032,High_Growth,Poor,Normal_DSO,Moderate_Volatility,4,Medium,True,Complete,2025-09-02,80437420032,71295,195187000000.0,0001739940,2025-02-27
ECL,Ecolab Inc.,Basic Materials,Specialty Chemicals,15741400000.0,15741.4,2.749311366692341,5.326962756683832,2813900000.0,0.17875792496220158,2865000000.0,66.43151180962303,78.026653696,Positive_Growth,Poor,Moderate_DSO,Low_Volatility,4,Medium,True,Complete,2025-09-02,78026653696,48000,15320200000.0,0000031462,2025-02-21
COIN,"Coinbase Global, Inc.",Financial Services,Financial Data & Stock Exchanges,6564028000.0,6564.028,111.17178931939856,45.95168176813081,2556844000.0,0.3895236278699603,125300000.0,6.967444380188506,78.039785472,Very_High_Growth,Poor,Normal_DSO,High_Volatility,7,High,True,Complete,2025-09-02,78039785472,3772,3108383000.0,0001679788,2025-02-13
MDLZ,"Mondelez International, Inc.",Consumer Defensive,Confectioners,36441000000.0,36441.0,1.1800310972900934,7.909038913569252,4910000000.0,0.13473834417277242,3874000000.0,38.802722208501415,79.700852736,Positive_Growth,Poor,Normal_DSO,Low_Volatility,3,Medium,True,Complete,2025-09-02,79700852736,90000,36016000000.0,0001103982,2025-02-05
NEM,Newmont Corporation,Basic Materials,Gold,18682000000.0,18682.0,58.16119200812733,27.85021807634682,6363000000.0,0.3405952253506049,1056000000.0,20.631624023123862,83.306446848,Very_High_Growth,Poor,Normal_DSO,Moderate_Volatility,6,High,True,Complete,2025-09-02,83306446848,22200,11812000000.0,0001164727,2025-02-21
ABNB,"Airbnb, Inc.",Consumer Cyclical,Travel Services,11102000000.0,11102.0,11.949178178884743,13.817197516208019,4518000000.0,0.4069537020356693,147000000.0,4.832912988650693,77.796835328,Positive_Growth,Poor,Normal_DSO,Low_Volatility,2,Low,True,Complete,2025-09-02,77796835328,7300,9917000000.0,0001559720,2025-02-13
AON,Aon plc,Financial Services,Insurance Brokers,15698000000.0,15698.0,17.35944976076555,11.993626377639595,3035000000.0,0.19333673079373168,3803000000.0,88.4249585934514,80.06877184,Positive_Growth,Poor,Moderate_DSO,Low_Volatility,4,Medium,True,Complete,2025-09-02,80068771840,60000,13376000000.0,0000315293,2025-02-18
TRI,Thomson Reuters Corporation,Industrials,Specialty Business Services,7258000000.0,7258.0,6.8295554901383575,4.743100114048423,2457000000.0,0.33852300909341415,1058000000.0,53.206117387710115,79.974580224,Positive_Growth,Poor,Normal_DSO,Low_Volatility,2,Low,False,Complete,2025-09-02,79974580224,26400,6794000000.0,0001075124,
TDG,TransDigm Group Incorporated,Industrials,Aerospace & Defense,7940000000.0,7940.0,20.577069096431284,18.895663478116347,2045000000.0,0.2575566750629723,1381000000.0,63.48425692695214,73.349783552,High_Growth,Poor,Moderate_DSO,Moderate_Volatility,5,Medium,True,Complete,2025-09-02,73349783552,16600,6585000000.0,0001260221,2024-11-07
SCCO,Southern Copper Corporation,Basic Materials,Copper,11433400000.0,11433.4,15.53790496978516,8.100618271223382,4421700000.0,0.3867353543128028,1243800000.0,39.70708625605682,78.656446464,Positive_Growth,Poor,Normal_DSO,Low_Volatility,2,Low,True,Complete,2025-09-02,78656446464,16133,9895800000.0,0001001838,2025-03-03
ITW,Illinois Tool Works Inc.,Industrials,Specialty Industrial Machinery,15898000000.0,15898.0,-1.297572484013162,0.7018413208881886,3281000000.0,0.20637816077494026,2991000000.0,68.66995848534407,76.361334784,Negative_Growth,Poor,Moderate_DSO,Low_Volatility,4,Medium,True,Complete,2025-09-02,76361334784,44000,16107000000.0,0000049826,2025-02-14
APO,"Apollo Global Management, Inc.",Financial Services,Asset Management,26114000000.0,26114.0,-20.003676020095575,47.84328434708216,3253000000.0,0.12456919659952516,8778000000.0,122.6916596461668,77.034872832,Negative_Growth,Poor,High_DSO,High_Volatility,8,High,True,Complete,2025-09-02,77034872832,5333,32644000000.0,0001858681,2025-02-24
MSI,"Motorola Solutions, Inc.",Technology,Communication Equipment,10817000000.0,10817.0,8.408498697133695,8.551867085504776,2391000000.0,0.2210409540538042,1952000000.0,65.86669131921974,79.406800896,Positive_Growth,Poor,Moderate_DSO,Low_Volatility,4,Medium,True,Complete,2025-09-02,79406800896,21000,9978000000.0,0000068505,2025-02-14
EQIX,"Equinix, Inc.",Real Estate,REIT - Specialty,8748000000.0,8748.0,6.839276990718124,9.297147234170513,3249000000.0,0.3713991769547325,949000000.0,39.59590763603109,75.430150144,Positive_Growth,Poor,Normal_DSO,Low_Volatility,2,Low,True,Complete,2025-09-02,75430150144,13606,8188000000.0,0001101239,2025-02-12
BNS,The Bank of Nova Scotia,Financial Services,Banks - Diversified,33615000000.0,33615.0,6.061084116867546,3.613488455763346,15652000000.0,0.465625464822252,7470000000.0,81.11111111111111,76.957974528,Positive_Growth,Poor,Moderate_DSO,Low_Volatility,3,Medium,False,Complete,2025-09-02,76957974528,87317,31694000000.0,0000009631,
MGCLY,MGCLY,Consumer Cyclical,"Furnishings, Fixtures & Appliances",409084266000.0,409084.266,9.465757018245098,8.442829052967836,60511572000.0,0.1479195780167209,35798974000.0,31.94115881738654,83.167551488,Positive_Growth,Poor,Normal_DSO,Low_Volatility,3,Medium,False,Complete,2025-09-02,83167551488,198432,373709804000.0,0002039784,
AJG,Arthur J. Gallagher & Co.,Financial Services,Insurance Brokers,11554900000.0,11554.9,14.72413348027681,14.933599528849733,2582900000.0,0.2235328734995543,3895900000.0,123.06497676310482,77.380608,Positive_Growth,Poor,High_DSO,Low_Volatility,6,High,True,Complete,2025-09-02,77380608000,55493,10071900000.0,0000354190,2025-02-18
PBR,Petr√≥leo Brasileiro S.A. - Petrobras,Energy,Oil & Gas Integrated,91416000000.0,91416.0,-10.734408108662324,15.86733498194092,37984000000.0,0.4155071322306817,3566000000.0,14.238098363524983,77.293453312,Negative_Growth,Poor,Normal_DSO,Moderate_Volatility,2,Low,False,Complete,2025-09-02,77293453312,41778,102409000000.0,0001119639,
CRH,CRH plc,Basic Materials,Building Materials,35572000000.0,35572.0,1.7825974992131393,4.352145780110093,4989000000.0,0.14025075902395143,3829000000.0,39.288907005509955,74.678075392,Positive_Growth,Poor,Normal_DSO,Low_Volatility,3,Medium,True,Complete,2025-09-02,74678075392,79800,34949000000.0,0000849395,2025-02-26
USB,U.S. Bancorp,Financial Services,Banks - Regional,27335000000.0,27335.0,-2.420304858458573,7.707352383842189,11273000000.0,0.412401682824218,8270000000.0,110.42802268154382,75.047256064,Negative_Growth,Poor,High_DSO,Low_Volatility,4,Medium,True,Complete,2025-09-02,75047256064,70000,28013000000.0,0000036104,2025-02-21
FI,"Fiserv, Inc.",Technology,Information Technology Services,20456000000.0,20456.0,7.138741947310533,7.119548415547175,6631000000.0,0.3241591709034024,3725000000.0,66.46582909659757,74.181419008,Positive_Growth,Poor,Moderate_DSO,Low_Volatility,3,Medium,True,Complete,2025-09-02,74181419008,38000,19093000000.0,0000798354,2025-02-20
EMR,Emerson Electric Co.,Industrials,Specialty Industrial Machinery,17492000000.0,17492.0,15.344543356412792,12.042139985363283,3332000000.0,0.19048707980791219,2927000000.0,61.07677795563686,73.6198656,Positive_Growth,Poor,Moderate_DSO,Low_Volatility,4,Medium,True,Complete,2025-09-02,73619865600,73000,15165000000.0,0000032604,2024-11-12
UPS,"United Parcel Service, Inc.",Industrials,Integrated Freight & Logistics,91070000000.0,91070.0,0.12313375404032631,5.719709714897453,10122000000.0,0.11114527286702537,10871000000.0,43.56994619523444,72.102780928,Positive_Growth,Poor,Normal_DSO,Low_Volatility,3,Medium,True,Complete,2025-09-02,72102780928,490000,90958000000.0,0001090727,2025-02-18
BK,The Bank of New York Mellon Corporation,Financial Services,Banks - Diversified,18258000000.0,18258.0,4.4030192131747485,6.050148426063549,687000000.0,0.03762734143936904,6224000000.0,124.42545733377149,73.246334976,Positive_Growth,Poor,High_DSO,Low_Volatility,6,High,True,Complete,2025-09-02,73246334976,49900,17488000000.0,0001390777,2025-02-27
RSG,"Republic Services, Inc.",Industrials,Waste Management,16032000000.0,16032.0,7.129969929836284,8.52952972390809,3936000000.0,0.24550898203592814,1821000000.0,41.45864520958084,72.58710016,Positive_Growth,Poor,Normal_DSO,Low_Volatility,3,Medium,True,Complete,2025-09-02,72587100160,42000,14965000000.0,0001060391,2025-02-14
MAR,"Marriott International, Inc.",Consumer Cyclical,Lodging,25100000000.0,25100.0,5.849112301269345,9.525453294124393,2749000000.0,0.1095219123505976,2795000000.0,40.644422310756966,71.591616512,Positive_Growth,Poor,Normal_DSO,Low_Volatility,3,Medium,True,Complete,2025-09-02,71591616512,418000,23713000000.0,0001048286,2025-02-11
INFY,Infosys Limited,Technology,Information Technology Services,19277000000.0,19277.0,3.8519556082318718,2.905341940953828,4351000000.0,0.2257093946153447,3645000000.0,69.01618509104114,70.615826432,Positive_Growth,Poor,Moderate_DSO,Low_Volatility,4,Medium,False,Complete,2025-09-02,70615826432,323788,18562000000.0,0001067491,
ING,ING Groep N.V.,Financial Services,Banks - Diversified,22527000000.0,22527.0,-0.5386551282617333,9.998917140092512,-22544000000.0,-1.0007546499755848,984000000.0,15.943534425356239,70.268674048,Negative_Growth,Poor,Normal_DSO,Low_Volatility,3,Medium,False,Complete,2025-09-02,70268674048,60000,22649000000.0,0001039765,
JCI,Johnson Controls International plc,Industrials,Building Products & Equipment,22952000000.0,22952.0,2.7808875554162378,5.453100715525444,2098000000.0,0.09140815615196933,6051000000.0,96.22756186824677,69.037621248,Positive_Growth,Poor,High_DSO,Low_Volatility,5,Medium,True,Complete,2025-09-02,69037621248,94000,22331000000.0,0000833444,2024-11-19
NGG,National Grid plc,Utilities,Utilities - Regulated Electric,18378000000.0,18378.0,-7.415617128463476,8.232414281972295,6808000000.0,0.37044292088366526,3050000000.0,60.575144194145174,67.145285632,Negative_Growth,Poor,Moderate_DSO,Low_Volatility,3,Medium,False,Complete,2025-09-02,67145285632,31654,19850000000.0,0001004315,
ITUB,Ita√∫ Unibanco Holding S.A.,Financial Services,Banks - Regional,158568000000.0,158568.0,6.866154468257178,7.517105028696423,7069000000.0,0.04458024317642904,4080000000.0,9.391554411987286,71.158890496,Positive_Growth,Poor,Normal_DSO,Low_Volatility,3,Medium,False,Complete,2025-09-02,71158890496,0,148380000000.0,0001132597,
NET,"Cloudflare, Inc.",Technology,Software - Infrastructure,1669626000.0,1669.626,28.75515232370281,26.449264991246114,380429000.0,0.22785282452477382,316753000.0,69.24595388428307,72.097439744,High_Growth,Poor,Moderate_DSO,Moderate_Volatility,6,High,True,Complete,2025-09-02,72097439744,4616,1296745000.0,0001477333,2025-02-20
HWM,Howmet Aerospace Inc.,Industrials,Aerospace & Defense,7430000000.0,7430.0,11.897590361445783,13.456863634071142,1298000000.0,0.1746971736204576,689000000.0,33.847240915208616,69.615828992,Positive_Growth,Poor,Normal_DSO,Low_Volatility,3,Medium,True,Complete,2025-09-02,69615828992,23930,6640000000.0,0000004281,2025-02-14
BCS,Barclays PLC,Financial Services,Banks - Diversified,26230000000.0,26230.0,3.3328080680743777,2.4285443836201965,7113000000.0,0.27117804041174226,0.0,0.0,68.188143616,Positive_Growth,Poor,Normal_DSO,Low_Volatility,3,Medium,False,Complete,2025-09-02,68188143616,93000,25384000000.0,0000312069,
NU,Nu Holdings Ltd.,Financial Services,Banks - Regional,8269605000.0,8269.605,46.82767821505831,47.10274860139664,2399044000.0,0.29010381995270634,12259276000.0,541.0942529903182,71.253000192,High_Growth,Poor,High_DSO,High_Volatility,10,Very High,False,Complete,2025-09-02,71253000192,0,5632184000.0,0001691493,
CM,Canadian Imperial Bank of Commerce,Financial Services,Banks - Diversified,25526000000.0,25526.0,9.558350143782995,8.039118289801412,11088000000.0,0.4343806315129672,5451000000.0,77.94464467601661,71.214538752,Positive_Growth,Poor,Moderate_DSO,Low_Volatility,3,Medium,False,Complete,2025-09-02,71214538752,49761,23299000000.0,0001045520,
CP,Canadian Pacific Kansas City Limited,Industrials,Railroads,14546000000.0,14546.0,15.858223815213062,24.308919972690557,5269000000.0,0.36223016636876115,1968000000.0,49.382648150694344,69.903876096,Positive_Growth,Poor,Normal_DSO,Moderate_Volatility,3,Medium,True,Complete,2025-09-02,69903876096,19943,12555000000.0,0000016875,2025-02-27
BAESY,BAE Systems plc,Industrials,Aerospace & Defense,26312000000.0,26312.0,14.013346043851287,10.869755419206175,3925000000.0,0.1491714806932198,1357000000.0,18.824300699300696,70.49539584,Positive_Growth,Poor,Normal_DSO,Low_Volatility,3,Medium,False,Complete,2025-09-02,70495395840,109700,23078000000.0,0000895564,
WMB,"The Williams Companies, Inc.",Energy,Oil & Gas Midstream,10503000000.0,10503.0,-3.7040432749610344,2.3320688331523334,4974000000.0,0.4735789774350186,1863000000.0,64.74293059125964,69.375238144,Negative_Growth,Poor,Moderate_DSO,Low_Volatility,3,Medium,True,Complete,2025-09-02,69375238144,5829,10907000000.0,0000107263,2025-02-25
AZO,"AutoZone, Inc.",Consumer Cyclical,Auto Parts,18490268000.0,18490.268,5.917664158113705,6.437501622207033,3004116000.0,0.16247011671220773,545575000.0,10.769712748349566,69.752070144,Positive_Growth,Poor,Normal_DSO,Low_Volatility,3,Medium,True,Complete,2025-09-02,69752070144,75600,17457209000.0,0000866787,2024-10-28
AEM,Agnico Eagle Mines Limited,Basic Materials,Gold,8285753000.0,8285.753,25.031941739353897,18.76244400108618,3960892000.0,0.47803645607104145,7646000.0,0.3368179090059769,74.099867648,High_Growth,Poor,Normal_DSO,Moderate_Volatility,3,Medium,False,Complete,2025-09-02,74099867648,0,6626909000.0,0000002809,
ELV,"Elevance Health, Inc.",Healthcare,Healthcare Plans,176810000000.0,176810.0,3.1924827827710986,6.2146920726110615,5808000000.0,0.032848820768056106,8011000000.0,16.53761099485323,72.362082304,Positive_Growth,Poor,Normal_DSO,Low_Volatility,3,Medium,True,Complete,2025-09-02,72362082304,104200,171340000000.0,0001156039,2025-02-20
ZTS,Zoetis Inc.,Healthcare,Drug Manufacturers - Specialty & Generic,9256000000.0,9256.0,8.333333333333332,6.866409313151187,2953000000.0,0.3190363007778738,1316000000.0,51.89498703543647,67.693985792,Positive_Growth,Poor,Normal_DSO,Low_Volatility,2,Low,True,Complete,2025-09-02,67693985792,13800,8544000000.0,0001555280,2025-02-13
EPD,Enterprise Products Partners L.P.,Energy,Oil & Gas Midstream,56219000000.0,56219.0,13.082570652720507,8.103904785043568,8115000000.0,0.14434621747096177,9236000000.0,59.964424838577706,69.125603328,Positive_Growth,Poor,Normal_DSO,Low_Volatility,3,Medium,True,Complete,2025-09-02,69125603328,0,49715000000.0,0001061219,2025-02-28
DB,Deutsche Bank Aktiengesellschaft,Financial Services,Banks - Regional,30048000000.0,30048.0,4.062337662337662,6.038876771353737,-28584000000.0,-0.9512779552715654,65265000000.0,792.7890375399361,66.587004928,Positive_Growth,Poor,High_DSO,Low_Volatility,6,High,False,Complete,2025-09-02,66587004928,89426,28875000000.0,0001159508,
CL,Colgate-Palmolive Company,Consumer Defensive,Household & Personal Products,20101000000.0,20101.0,3.3098627743228657,5.708433697481742,4107000000.0,0.20431819312472016,1521000000.0,27.618775185314163,68.076457984,Positive_Growth,Poor,Normal_DSO,Low_Volatility,3,Medium,True,Complete,2025-09-02,68076457984,34000,19457000000.0,0000021665,2025-02-13
EOG,"EOG Resources, Inc.",Energy,Oil & Gas E&P,23378000000.0,23378.0,0.8454835648347856,14.152837001895053,12143000000.0,0.5194199674908033,2650000000.0,41.37436906493284,68.724146176,Positive_Growth,Fair,Normal_DSO,Low_Volatility,2,Low,True,Complete,2025-09-02,68724146176,3150,23182000000.0,0000821189,2025-02-27
SPG,"Simon Property Group, Inc.",Real Estate,REIT - Retail,5963798000.0,5963.798,5.38912949588926,5.971205464024298,3814655000.0,0.6396351787904285,796513000.0,48.74867408319329,67.303161856,Positive_Growth,Fair,Normal_DSO,Low_Volatility,1,Low,True,Complete,2025-09-02,67303161856,2600,5658836000.0,0001063761,2025-02-21
SNOW,Snowflake Inc.,Technology,Software - Application,3626396000.0,3626.396,29.214687818124354,27.558919780772722,959764000.0,0.2646605610639323,922805000.0,92.88114839085416,77.428670464,High_Growth,Poor,High_DSO,Moderate_Volatility,7,High,True,Complete,2025-09-02,77428670464,7834,2806489000.0,0001640147,2025-03-21
LYG,Lloyds Banking Group plc,Financial Services,Banks - Regional,18603000000.0,18603.0,-3.1043283504349186,9.318781525137801,-4393000000.0,-0.23614470784282104,0.0,0.0,62.91685376,Negative_Growth,Poor,Normal_DSO,Low_Volatility,3,Medium,False,Complete,2025-09-02,62916853760,61228,19199000000.0,0001160106,
PYPL,"PayPal Holdings, Inc.",Financial Services,Credit Services,31797000000.0,31797.0,6.805280306338384,7.208214387425474,7450000000.0,0.23429883322326006,38655000000.0,443.72346447778096,66.00706048,Positive_Growth,Poor,High_DSO,Low_Volatility,6,High,True,Complete,2025-09-02,66007060480,24400,29771000000.0,0001633917,2025-02-04
VST,Vistra Corp.,Utilities,Utilities - Independent Power Producers,17224000000.0,17224.0,16.54374450233439,11.767001461571017,4563000000.0,0.264921040408732,1982000000.0,42.00127728750581,62.647816192,Positive_Growth,Poor,Normal_DSO,Low_Volatility,3,Medium,True,Complete,2025-09-02,62647816192,6850,14779000000.0,0001692819,2025-02-28
APD,"Air Products and Chemicals, Inc.",Basic Materials,Specialty Chemicals,12100600000.0,12100.6,-3.9634920634920636,2.571754797951679,3646700000.0,0.30136522155926154,1821600000.0,54.94636629588615,65.012031488,Negative_Growth,Poor,Normal_DSO,Low_Volatility,2,Low,True,Complete,2025-09-02,65012031488,21850,12600000000.0,0000002969,2024-11-21
CNQ,Canadian Natural Resources Limited,Energy,Oil & Gas E&P,41509000000.0,41509.0,1.6505448757193584,11.004246874109331,13386000000.0,0.32248428051747813,4126000000.0,36.281047483678236,66.457300992,Positive_Growth,Poor,Normal_DSO,Low_Volatility,2,Low,False,Complete,2025-09-02,66457300992,10640,40835000000.0,0001017413,
HLT,Hilton Worldwide Holdings Inc.,Consumer Cyclical,Lodging,11174000000.0,11174.0,9.174401563263313,12.0266019677321,2013000000.0,0.1801503490245212,1583000000.0,51.70887775192411,64.54194176,Positive_Growth,Poor,Normal_DSO,Low_Volatility,3,Medium,True,Complete,2025-09-02,64541941760,181000,10235000000.0,0001585689,2025-02-06
MRVL,"Marvell Technology, Inc.",Technology,Semiconductors,5767300000.0,5767.3,4.713401238266427,3.6336922035267096,1681200000.0,0.29150555719314064,1028400000.0,65.08522185424722,54.859730944,Positive_Growth,Poor,Moderate_DSO,Low_Volatility,4,Medium,True,Complete,2025-09-02,54859730944,7042,5507700000.0,0001835632,2025-03-12
BMWKY,BMWKY,Consumer Cyclical,Auto Manufacturers,142380000000.0,142380.0,-8.436121364905015,5.113532929147675,7566000000.0,0.05313948588284872,41403000000.0,106.13916982722293,62.83476992,Negative_Growth,Poor,High_DSO,Low_Volatility,5,Medium,False,Complete,2025-09-02,62834769920,159104,155498000000.0,0001446250,
DEO,Diageo plc,Consumer Defensive,Beverages - Wineries & Distilleries,20245000000.0,20245.0,-0.11840742019833242,0.8472466615724203,4297000000.0,0.2122499382563596,2789000000.0,50.283279822178315,61.269803008,Negative_Growth,Poor,Normal_DSO,Low_Volatility,3,Medium,False,Complete,2025-09-02,61269803008,29632,20269000000.0,0000835403,
FCX,Freeport-McMoRan Inc.,Basic Materials,Copper,25455000000.0,25455.0,11.37606650623496,6.428005380804572,7160000000.0,0.2812806914162247,578000000.0,8.287959143586722,64.099950592,Positive_Growth,Poor,Normal_DSO,Low_Volatility,3,Medium,True,Complete,2025-09-02,64099950592,28500,22855000000.0,0000831259,2025-02-14
EQNR,Equinor ASA,Energy,Oil & Gas Integrated,102502000000.0,102502.0,-4.067460317460317,21.502852093189986,20110000000.0,0.1961912938284131,12726000000.0,45.31609139333867,62.776610816,Negative_Growth,Poor,Normal_DSO,Moderate_Volatility,4,Medium,False,Complete,2025-09-02,62776610816,24126,106848000000.0,0001140625,
REGN,"Regeneron Pharmaceuticals, Inc.",Healthcare,Biotechnology,14202000000.0,14202.0,8.270057634251213,7.713140533394797,4420500000.0,0.3112589776087875,6211900000.0,159.64959160681593,61.167747072,Positive_Growth,Poor,High_DSO,Low_Volatility,5,Medium,True,Complete,2025-09-02,61167747072,15182,13117200000.0,0000872589,2025-02-05
TRV,"The Travelers Companies, Inc.",Financial Services,Insurance - Property & Casualty,46428000000.0,46428.0,12.218113262272496,11.473218671131395,9074000000.0,0.19544240544499009,22281000000.0,175.16509433962264,60.973039616,Positive_Growth,Poor,High_DSO,Low_Volatility,6,High,True,Complete,2025-09-02,60973039616,34000,41373000000.0,0000086312,2025-02-13
TEL,TE Connectivity plc,Technology,Electronic Components,15845000000.0,15845.0,-1.1787451665211426,1.3619727219819007,3477000000.0,0.21943830861470495,3055000000.0,70.37393499526665,60.095127552,Negative_Growth,Poor,Moderate_DSO,Low_Volatility,4,Medium,True,Complete,2025-09-02,60095127552,85000,16034000000.0,0001385157,2024-11-12
NSC,Norfolk Southern Corporation,Industrials,Railroads,12123000000.0,12123.0,-0.27147087857847974,2.835793763462225,4052000000.0,0.3342406994968242,787000000.0,23.69504248123402,62.10342912,Negative_Growth,Poor,Normal_DSO,Low_Volatility,2,Low,True,Complete,2025-09-02,62103429120,19600,12156000000.0,0000702165,2025-02-10
WDAY,"Workday, Inc.",Technology,Software - Application,8446000000.0,8446.0,16.35211461633834,15.269941409863053,2461000000.0,0.29138053516457496,1950000000.0,84.27066066777172,61.05755648,Positive_Growth,Poor,Moderate_DSO,Moderate_Volatility,4,Medium,True,Complete,2025-09-02,61057556480,19517,7259000000.0,0001327811,2025-03-11
URI,"United Rentals, Inc.",Industrials,Rental & Leasing Services,15345000000.0,15345.0,7.068099358079821,13.89488993474844,4546000000.0,0.29625285109156074,2357000000.0,56.06419028999674,61.37925632,Positive_Growth,Poor,Normal_DSO,Low_Volatility,3,Medium,True,Complete,2025-09-02,61379256320,27900,14332000000.0,0001067701,2025-01-29
ADSK,"Autodesk, Inc.",Technology,Software - Application,6131000000.0,6131.0,11.533563762052028,10.181392363253176,1607000000.0,0.2621105855488501,1008000000.0,60.009786331756644,67.720712192,Positive_Growth,Poor,Moderate_DSO,Low_Volatility,4,Medium,True,Complete,2025-09-02,67720712192,15300,5497000000.0,0000769397,2025-03-06
AXON,"Axon Enterprise, Inc.",Industrials,Aerospace & Defense,2082526000.0,2082.526,33.435467056748294,27.93159389118724,408312000.0,0.19606573939533048,547572000.0,95.9718053940263,57.815351296,High_Growth,Poor,High_DSO,Moderate_Volatility,8,High,True,Complete,2025-09-02,57815351296,4100,1560699000.0,0001069183,2025-02-28
CNI,Canadian National Railway Company,Industrials,Railroads,17046000000.0,17046.0,1.2954599477062039,0.8631312710842349,6699000000.0,0.3929954241464273,1164000000.0,24.924322421682504,60.157898752,Positive_Growth,Poor,Normal_DSO,Low_Volatility,2,Low,False,Complete,2025-09-02,60157898752,24912,16828000000.0,0000016868,
AMX,"Am√©rica M√≥vil, S.A.B. de C.V.",Communication Services,Telecom Services,869220584000.0,869220.584,6.520453739328643,3.157577588106739,239341121000.0,0.27535141873722585,221122253000.0,92.8528659245373,60.14814208,Positive_Growth,Poor,High_DSO,Low_Volatility,5,Medium,False,Complete,2025-09-02,60148142080,177084,816012844000.0,0001129137,
ET,Energy Transfer LP,Energy,Oil & Gas Midstream,82671000000.0,82671.0,5.198126892830785,6.828731771963239,11506000000.0,0.13917818824013256,10191000000.0,44.99419385274159,60.6726144,Positive_Growth,Poor,Normal_DSO,Low_Volatility,3,Medium,True,Complete,2025-09-02,60672614400,16248,78586000000.0,0001276187,2025-02-14
CSX,CSX Corporation,Industrials,Railroads,14540000000.0,14540.0,-0.7982533942825952,1.0770911211616674,5247000000.0,0.3608665749656121,996000000.0,25.002751031636866,60.05778432,Negative_Growth,Poor,Normal_DSO,Low_Volatility,2,Low,True,Complete,2025-09-02,60057784320,23500,14657000000.0,0000277948,2025-02-27
AEP,"American Electric Power Company, Inc.",Utilities,Utilities - Regulated Electric,19721300000.0,19721.3,3.8931004145967565,2.0831157732569925,6804300000.0,0.3450228940282841,1100100000.0,20.360549253852433,58.781995008,Positive_Growth,Poor,Normal_DSO,Low_Volatility,2,Low,True,Complete,2025-09-02,58781995008,16330,18982300000.0,0000004904,2025-02-13
TFC,Truist Financial Corporation,Financial Services,Banks - Regional,13278000000.0,13278.0,-33.682948756368,21.84736636599825,2164000000.0,0.16297635186021991,1904000000.0,52.33920771200482,59.520548864,Negative_Growth,Poor,Normal_DSO,Moderate_Volatility,4,Medium,True,Complete,2025-09-02,59520548864,37996,20022000000.0,0000092230,2025-02-25
MNST,Monster Beverage Corporation,Consumer Defensive,Beverages - Non-Alcoholic,7492709000.0,7492.709,4.939505130722895,8.689217611789092,1928533000.0,0.2573879487378997,1221646000.0,59.5112915769183,60.997459968,Positive_Growth,Poor,Normal_DSO,Low_Volatility,3,Medium,True,Complete,2025-09-02,60997459968,5527,7140027000.0,0000865752,2025-02-28
KMI,"Kinder Morgan, Inc.",Energy,Oil & Gas Midstream,15100000000.0,15100.0,-1.526020607799661,13.917237802421262,5635000000.0,0.37317880794701985,1506000000.0,36.403311258278144,59.0851072,Negative_Growth,Poor,Normal_DSO,Low_Volatility,2,Low,True,Complete,2025-09-02,59085107200,10933,15334000000.0,0001506307,2025-02-13
NWG,NatWest Group plc,Financial Services,Banks - Regional,14653000000.0,14653.0,-0.8525610663779687,5.539606369149395,1772000000.0,0.1209308673991674,,,55.346692096,Negative_Growth,Poor,Normal_DSO,Low_Volatility,3,Medium,False,Complete,2025-09-02,55346692096,61651,14779000000.0,0000844150,
NXPI,NXP Semiconductors N.V.,Technology,Semiconductors,12614000000.0,12614.0,-4.98644169930702,2.788959007160123,2782000000.0,0.22054859679720945,1032000000.0,29.862058030759474,57.84778752,Negative_Growth,Poor,Normal_DSO,Low_Volatility,3,Medium,True,Complete,2025-09-02,57847787520,33100,13276000000.0,0001413447,2025-02-20
FTNT,"Fortinet, Inc.",Technology,Software - Infrastructure,5955800000.0,5955.8,12.271904690091992,14.776526780095944,2258100000.0,0.3791430202491689,1463400000.0,89.68417341079284,58.795589632,Positive_Growth,Poor,Moderate_DSO,Low_Volatility,3,Medium,True,Complete,2025-09-02,58795589632,14898,5304800000.0,0001262039,2025-02-21
ALNY,"Alnylam Pharmaceuticals, Inc.",Healthcare,Biotechnology,2248243000.0,2248.243,22.969580351497463,36.06653811182717,-8312000.0,-0.0036971092537594914,405308000.0,65.80134798596059,59.4082816,High_Growth,Poor,Moderate_DSO,High_Volatility,6,High,True,Complete,2025-09-02,59408281600,2230,1828292000.0,0001178670,2025-02-13
ARES,Ares Management Corporation,Financial Services,Asset Management,3884781000.0,3884.781,6.963245522158748,12.06166384215328,2791154000.0,0.7184842594730565,169007000.0,15.879287661260701,58.315567104,Positive_Growth,Good,Normal_DSO,Low_Volatility,1,Low,True,Complete,2025-09-02,58315567104,3776,3631884000.0,0001176948,2025-02-27
DLR,"Digital Realty Trust, Inc.",Real Estate,REIT - Specialty,5554968000.0,5554.968,1.4224234493645407,9.10907044612039,2261477000.0,0.4071089158389391,906262000.0,59.54771116593291,56.384249856,Positive_Growth,Poor,Normal_DSO,Low_Volatility,2,Low,True,Complete,2025-09-02,56384249856,3936,5477061000.0,0001297996,2025-02-25
CARR,Carrier Global Corporation,Industrials,Building Products & Equipment,22486000000.0,22486.0,18.653369215344835,13.561109383788446,563000000.0,0.025037801298585786,2651000000.0,43.03188650716001,53.605937152,Positive_Growth,Poor,Normal_DSO,Low_Volatility,3,Medium,True,Complete,2025-09-02,53605937152,48000,18951000000.0,0001783180,2025-02-11
AFL,Aflac Incorporated,Financial Services,Insurance - Life,19128000000.0,19128.0,1.5232737115864339,0.9071550446595097,2707000000.0,0.14152028439983272,779000000.0,14.864857800083648,56.419323904,Positive_Growth,Poor,Normal_DSO,Low_Volatility,3,Medium,True,Complete,2025-09-02,56419323904,12694,18841000000.0,0000004977,2025-02-26
GLW,Corning Incorporated,Technology,Electronic Components,13118000000.0,13118.0,4.2103590721321895,6.133039333400791,1939000000.0,0.14781216648879403,2053000000.0,57.12341820399451,58.344321024,Positive_Growth,Poor,Normal_DSO,Low_Volatility,3,Medium,True,Complete,2025-09-02,58344321024,56300,12588000000.0,0000024741,2025-02-13
FAST,Fastenal Company,Industrials,Industrial Distribution,7546000000.0,7546.0,2.7127826098792656,3.93316995947628,1173300000.0,0.15548635038430958,1108600000.0,53.62297906175458,56.46389248,Positive_Growth,Poor,Normal_DSO,Low_Volatility,3,Medium,True,Complete,2025-09-02,56463892480,21807,7346700000.0,0000815556,2025-02-06
CMG,"Chipotle Mexican Grill, Inc.",Consumer Cyclical,Restaurants,11313853000.0,11313.853,14.609555100672644,13.489966939565337,2105076000.0,0.18606181289433404,143963000.0,4.6444385480348735,55.907991552,Positive_Growth,Poor,Normal_DSO,Low_Volatility,3,Medium,True,Complete,2025-09-02,55907991552,130000,9871649000.0,0001058090,2025-02-05
PWR,"Quanta Services, Inc.",Industrials,Engineering & Construction,23672795000.0,23672.795,13.363477977374613,16.124738744479924,2081196000.0,0.08791509409852111,5170935000.0,79.72828197937758,55.593394176,Positive_Growth,Poor,Moderate_DSO,Moderate_Volatility,4,Medium,True,Complete,2025-09-02,55593394176,58400,20882206000.0,0001050915,2025-02-20
ROP,"Roper Technologies, Inc.",Technology,Software - Application,7039200000.0,7039.2,13.943475023471139,13.457351357803496,2393200000.0,0.3399818161154677,885100000.0,45.894632912831,55.787102208,Positive_Growth,Poor,Normal_DSO,Low_Volatility,2,Low,True,Complete,2025-09-02,55787102208,18200,6177800000.0,0000882835,2025-02-24
ATEYY,Advantest Corporation,Technology,Semiconductor Equipment & Materials,779707000000.0,779707.0,60.26634765789598,25.05327853625174,285971000000.0,0.36676726000920856,113031000000.0,52.91258767716591,51.65910016,Very_High_Growth,Poor,Normal_DSO,Moderate_Volatility,6,High,False,Complete,2025-09-02,51659100160,7001,486507000000.0,0001158838,
COR,"Cencora, Inc.",Healthcare,Medical Distribution,293958599000.0,293958.599,12.123726764954055,10.489283697778133,3484685000.0,0.011854339392874846,23871815000.0,29.640951156526636,57.303552,Positive_Growth,Poor,Normal_DSO,Low_Volatility,3,Medium,True,Complete,2025-09-02,57303552000,51000,262173411000.0,0001140859,2024-11-26
GM,General Motors Company,Consumer Cyclical,Auto Manufacturers,187442000000.0,187442.0,9.078106632837141,8.926508274442458,20129000000.0,0.10738788531919206,59189000000.0,115.25690613629816,55.672762368,Positive_Growth,Poor,High_DSO,Low_Volatility,5,Medium,True,Complete,2025-09-02,55672762368,162000,171842000000.0,0001467858,2025-01-28
BDX,"Becton, Dickinson and Company",Healthcare,Medical Instruments & Supplies,20178000000.0,20178.0,4.160644228783812,3.388539549730908,3797000000.0,0.18817524036078898,3033000000.0,54.86396074933095,54.189703168,Positive_Growth,Poor,Normal_DSO,Low_Volatility,3,Medium,True,Complete,2025-09-02,54189703168,70000,19372000000.0,0000010795,2024-11-27
CMI,Cummins Inc.,Industrials,Specialty Industrial Machinery,34102000000.0,34102.0,0.10861588140319976,10.81546044965647,1487000000.0,0.0436044806756202,5181000000.0,55.45319922585186,54.28355072,Positive_Growth,Poor,Normal_DSO,Low_Volatility,3,Medium,True,Complete,2025-09-02,54283550720,69600,34065000000.0,0000026172,2025-02-11
IFNNY,Infineon Technologies AG,Technology,Semiconductors,14955000000.0,14955.0,-8.302164449077196,6.995491942869041,2780000000.0,0.1858910063523905,2250000000.0,54.91474423269809,50.429325312,Negative_Growth,Poor,Normal_DSO,Low_Volatility,3,Medium,False,Complete,2025-09-02,50429325312,56371,16309000000.0,0001107457,
FDX,FedEx Corporation,Industrials,Integrated Freight & Logistics,87926000000.0,87926.0,0.2656996567570958,1.5342099823099042,7036000000.0,0.08002183654436686,11368000000.0,47.19104701680959,52.6683136,Positive_Growth,Poor,Normal_DSO,Low_Volatility,3,Medium,True,Complete,2025-09-02,52668313600,300000,87693000000.0,0001048911,2025-07-21
NDAQ,"Nasdaq, Inc.",Financial Services,Financial Data & Stock Exchanges,7400000000.0,7400.0,22.03166226912929,11.108502003134252,1939000000.0,0.262027027027027,1022000000.0,50.40945945945946,53.701472256,High_Growth,Poor,Normal_DSO,Low_Volatility,4,Medium,True,Complete,2025-09-02,53701472256,9492,6064000000.0,0001120193,2025-02-21
MET,"MetLife, Inc.",Financial Services,Insurance - Life,69897000000.0,69897.0,5.255470055867605,2.5798335311978544,14598000000.0,0.20885016524314348,29761000000.0,155.4110333776843,53.434834944,Positive_Growth,Poor,High_DSO,Low_Volatility,6,High,True,Complete,2025-09-02,53434834944,45000,66407000000.0,0001099219,2025-02-21
MPC,Marathon Petroleum Corporation,Energy,Oil & Gas Refining & Marketing,138864000000.0,138864.0,-6.412632515382905,12.978590158299896,8665000000.0,0.062399181933402464,11145000000.0,29.29430954026962,54.44542464,Negative_Growth,Poor,Normal_DSO,Low_Volatility,3,Medium,True,Complete,2025-09-02,54445424640,18300,148379000000.0,0001510295,2025-02-27
E,Eni S.p.A.,Energy,Oil & Gas Integrated,88797000000.0,88797.0,-5.24984794647716,22.8031498680401,13092000000.0,0.14743741342612926,12562000000.0,51.636091309391084,53.383061504,Negative_Growth,Poor,Normal_DSO,Moderate_Volatility,4,Medium,False,Complete,2025-09-02,53383061504,32356,93717000000.0,0001002242,
FLUT,Flutter Entertainment plc,Consumer Cyclical,Gambling,14048000000.0,14048.0,19.151823579304494,19.48318628823889,1602000000.0,0.1140375854214123,98000000.0,2.54626993166287,52.372799488,Positive_Growth,Poor,Normal_DSO,Moderate_Volatility,3,Medium,True,Complete,2025-09-02,52372799488,27345,11790000000.0,0001635327,2025-03-04
ALL,The Allstate Corporation,Financial Services,Insurance - Property & Casualty,64115000000.0,64115.0,12.305132247328778,10.888817640186964,8931000000.0,0.13929657646416596,19538000000.0,111.22779380800124,53.289930752,Positive_Growth,Poor,High_DSO,Low_Volatility,5,Medium,True,Complete,2025-09-02,53289930752,55000,57090000000.0,0000899051,2025-02-24
PSX,Phillips 66,Energy,Oil & Gas Refining & Marketing,143153000000.0,143153.0,-2.8806165577785467,9.396998538349283,4191000000.0,0.02927636864054543,11033000000.0,28.13105558388577,53.712121856,Negative_Growth,Poor,Normal_DSO,Low_Volatility,3,Medium,True,Complete,2025-09-02,53712121856,13200,147399000000.0,0001534701,2025-02-21
SRE,Sempra,Utilities,Utilities - Diversified,13185000000.0,13185.0,-21.142344497607656,12.124694360172148,4907000000.0,0.3721653394008343,1983000000.0,54.895335608646185,53.933338624,Negative_Growth,Poor,Normal_DSO,Low_Volatility,2,Low,True,Complete,2025-09-02,53933338624,16773,16720000000.0,0001032208,2025-02-25
SLB,Schlumberger Limited,Energy,Oil & Gas Equipment & Services,36289000000.0,36289.0,9.518635883506866,12.721585192685762,6602000000.0,0.1819284080575381,8011000000.0,80.57579431783736,53.476368384,Positive_Growth,Poor,Moderate_DSO,Low_Volatility,4,Medium,True,Complete,2025-09-02,53476368384,110000,33135000000.0,0000087347,2025-01-22
O,Realty Income Corporation,Real Estate,REIT - Retail,5271142000.0,5271.142,29.226551749414625,22.98863673120866,3573276000.0,0.6778940882260429,877668000.0,60.774082731977245,52.637237248,High_Growth,Fair,Moderate_DSO,Moderate_Volatility,4,Medium,True,Complete,2025-09-02,52637237248,468,4078993000.0,0000726728,2025-02-25
TRP,TC Energy Corporation,Energy,Oil & Gas Midstream,13771000000.0,13771.0,3.7988995251375592,5.662354909161837,7696000000.0,0.5588555660445864,2611000000.0,69.20448769152567,53.551341568,Positive_Growth,Fair,Moderate_DSO,Low_Volatility,3,Medium,False,Complete,2025-09-02,53551341568,6668,13267000000.0,0001232384,
PCAR,PACCAR Inc,Industrials,Farm & Heavy Construction Machinery,33663800000.0,33663.8,-4.1665480508093395,10.146539590723163,4640900000.0,0.13786025344732325,21248100000.0,230.38268109957875,51.888054272,Negative_Growth,Poor,High_DSO,Low_Volatility,6,High,True,Complete,2025-09-02,51888054272,30100,35127400000.0,0000075362,2025-02-19
LNG,"Cheniere Energy, Inc.",Energy,Oil & Gas Midstream,15703000000.0,15703.0,-23.001863293125428,39.6285630169434,5394000000.0,0.3435012418009298,661000000.0,15.364261606062536,52.67509248,Negative_Growth,Poor,Normal_DSO,High_Volatility,3,Medium,True,Complete,2025-09-02,52675092480,1714,20394000000.0,0000003570,2025-02-20
LHX,"L3Harris Technologies, Inc.",Industrials,Aerospace & Defense,21325000000.0,21325.0,9.815129512333282,11.082616291437793,2559000000.0,0.12,1072000000.0,18.348417350527548,51.481063424,Positive_Growth,Poor,Normal_DSO,Low_Volatility,3,Medium,True,Complete,2025-09-02,51481063424,47000,19419000000.0,0000202058,2025-02-14
CPNG,"Coupang, Inc.",Consumer Cyclical,Internet Retail,30268000000.0,30268.0,24.135668293483164,19.458337096149272,1886000000.0,0.06231003039513678,407000000.0,4.9079886348619,51.58832128,High_Growth,Poor,Normal_DSO,Moderate_Volatility,4,Medium,True,Complete,2025-09-02,51588321280,95000,24383000000.0,0001834584,2025-02-25
MFC,Manulife Financial Corporation,Financial Services,Insurance - Life,45582000000.0,45582.0,7.735942707225413,31.881680997622897,26494000000.0,0.5812382080645869,,,51.402575872,Positive_Growth,Fair,Normal_DSO,High_Volatility,3,Medium,False,Complete,2025-09-02,51402575872,37000,42309000000.0,0001086888,
D,"Dominion Energy, Inc.",Utilities,Utilities - Regulated Electric,14459000000.0,14459.0,0.45855624261793926,1.9888263641094126,5018000000.0,0.3470502801023584,2169000000.0,54.75378656891901,50.412343296,Positive_Growth,Poor,Normal_DSO,Low_Volatility,2,Low,True,Complete,2025-09-02,50412343296,14700,14393000000.0,0000715957,2025-02-27
